account_a,account_b,matched_bin_a,matched_bin_b,same_post_count,within_5min_count,within_30min_count,median_delay_minutes,min_delay_minutes,verification_label,temporal_confidence
Mantis-Prawn,Due-System7508,"(50.0, 100.0]","(1.0, 3.0]",0,0,0,,,no_temporal_sync,none
Amins66,LarryDeeTiger,"(50.0, 100.0]","(1.0, 3.0]",0,0,0,,,no_temporal_sync,none
MiguelLancaster,moonpumper,"(50.0, 100.0]","(1.0, 3.0]",2,0,0,360.8166666666667,93.06666666666666,weak_temporal_overlap,weak_context
megatronz0r,Fancy-Requirement-83,"(50.0, 100.0]","(20.0, 50.0]",1,0,2,14.883333333333333,14.883333333333333,moderate_temporal_sync,moderate_review
xaviemb,Archophob,"(50.0, 100.0]","(50.0, 100.0]",3,0,0,95.6,76.68333333333334,weak_temporal_overlap,weak_context
dasmonty,AllCapNoBrake,"(50.0, 100.0]","(50.0, 100.0]",4,0,0,247.3416666666667,67.93333333333334,weak_temporal_overlap,weak_context
Azzuro-x,BoomerSooner-SEC,"(50.0, 100.0]","(20.0, 50.0]",0,0,0,,,no_temporal_sync,none
Ok-Secret-4646,choicehunter,"(50.0, 100.0]","(20.0, 50.0]",1,0,0,1681.2666666666667,1681.2666666666667,weak_temporal_overlap,weak_context
NiagaraBTC,CaoNiMaChonker,"(50.0, 100.0]","(3.0, 5.0]",0,0,0,,,no_temporal_sync,none
TheGreatMuffin,Woodpecker5987,"(50.0, 100.0]","(3.0, 5.0]",0,0,0,,,no_temporal_sync,none
octplex,mlbman_,"(1.0, 3.0]","(1.0, 3.0]",0,0,0,,,no_temporal_sync,none
ChooChooBananaTrain,SATutxo,"(1.0, 3.0]","(1.0, 3.0]",0,0,0,,,no_temporal_sync,none
sxfandango,DisorientedPanda,"(1.0, 3.0]","(20.0, 50.0]",0,0,0,,,no_temporal_sync,none
JLSmoove626,Crazed-Anteater-84,"(1.0, 3.0]","(50.0, 100.0]",0,0,0,,,no_temporal_sync,none
drdrew450,extrastone,"(1.0, 3.0]","(50.0, 100.0]",1,0,0,4808.583333333333,4808.583333333333,weak_temporal_overlap,weak_context
Defiant_Length5045,Unfnole23,"(1.0, 3.0]","(20.0, 50.0]",0,0,0,,,no_temporal_sync,none
ndojd,blade0r,"(1.0, 3.0]","(20.0, 50.0]",0,0,0,,,no_temporal_sync,none
asselfoley,Onauto,"(1.0, 3.0]","(3.0, 5.0]",0,0,0,,,no_temporal_sync,none
Weitarded,Deep-Refrigerator362,"(1.0, 3.0]","(3.0, 5.0]",0,0,0,,,no_temporal_sync,none
Janon75111,griswaldwaldwald,"(1.0, 3.0]","(1.0, 3.0]",0,0,0,,,no_temporal_sync,none
Denniszi,stanley_fatmax,"(1.0, 3.0]","(20.0, 50.0]",0,0,0,,,no_temporal_sync,none
NeitherAd3347,Quirky-Reveal-1669,"(1.0, 3.0]","(50.0, 100.0]",0,0,0,,,no_temporal_sync,none
farotm0dteguy,Substantial-Sea3046,"(1.0, 3.0]","(50.0, 100.0]",1,0,0,207.75,207.75,weak_temporal_overlap,weak_context
warmhole,pwalkz,"(1.0, 3.0]","(20.0, 50.0]",0,0,0,,,no_temporal_sync,none
JKTrades,RiversideBronzie,"(1.0, 3.0]","(20.0, 50.0]",0,0,0,,,no_temporal_sync,none
IceBearPrime,Graymatter-70,"(1.0, 3.0]","(3.0, 5.0]",0,0,0,,,no_temporal_sync,none
Crypto-hercules,JuggernautSolid3512,"(1.0, 3.0]","(3.0, 5.0]",0,0,0,,,no_temporal_sync,none
HuffDaddy009,LankyRep7,"(1.0, 3.0]","(20.0, 50.0]",0,0,0,,,no_temporal_sync,none
Stunning_Ad_6600,TheHumanCanoe,"(1.0, 3.0]","(50.0, 100.0]",0,0,0,,,no_temporal_sync,none
Knowledge775,richardto4321,"(1.0, 3.0]","(50.0, 100.0]",0,0,0,,,no_temporal_sync,none
BankPsychological883,TLakes,"(1.0, 3.0]","(20.0, 50.0]",0,0,0,,,no_temporal_sync,none
bitcoinmaxi214,PTFOchef,"(1.0, 3.0]","(20.0, 50.0]",0,0,0,,,no_temporal_sync,none
rumo3rd,Ep0chalysis,"(1.0, 3.0]","(3.0, 5.0]",0,0,0,,,no_temporal_sync,none
NextTime2020,whiteknives,"(1.0, 3.0]","(3.0, 5.0]",0,0,0,,,no_temporal_sync,none
RiversideBronzie,cphh85,"(20.0, 50.0]","(50.0, 100.0]",0,0,0,,,no_temporal_sync,none
jlittle984,Knurlinger,"(20.0, 50.0]","(50.0, 100.0]",0,0,0,,,no_temporal_sync,none
Leading_Document_464,tnat0r,"(20.0, 50.0]","(20.0, 50.0]",0,0,0,,,no_temporal_sync,none
DontLook_Weirdo,Ominous_Nahkriin,"(20.0, 50.0]","(20.0, 50.0]",0,0,0,,,no_temporal_sync,none
Stormyy98x,Zes_Teaslong,"(20.0, 50.0]","(3.0, 5.0]",0,0,0,,,no_temporal_sync,none
Minisfortheminigod,Affectionate-Peak435,"(20.0, 50.0]","(3.0, 5.0]",0,0,0,,,no_temporal_sync,none
yoobermcruber,stKKd,"(50.0, 100.0]","(50.0, 100.0]",0,0,0,,,no_temporal_sync,none
Angus-420,perusFi,"(50.0, 100.0]","(20.0, 50.0]",0,0,0,,,no_temporal_sync,none
Automatic-Pie-5854,knuF,"(50.0, 100.0]","(20.0, 50.0]",0,0,0,,,no_temporal_sync,none
JuxtaposeLife,OoFrosty88,"(50.0, 100.0]","(3.0, 5.0]",0,0,0,,,no_temporal_sync,none
mrestiaux,cee604,"(50.0, 100.0]","(3.0, 5.0]",0,0,0,,,no_temporal_sync,none
Obvireal,evilgrinz,"(50.0, 100.0]","(20.0, 50.0]",0,0,0,,,no_temporal_sync,none
SevenCroutons,youdidntbuymstr,"(50.0, 100.0]","(20.0, 50.0]",1,0,0,449.0,449.0,weak_temporal_overlap,weak_context
DRAGULA85,turboffr,"(50.0, 100.0]","(3.0, 5.0]",0,0,0,,,no_temporal_sync,none
Jonathaan,jk3639,"(50.0, 100.0]","(3.0, 5.0]",0,0,0,,,no_temporal_sync,none
Potential_Duty9709,1of21million,"(20.0, 50.0]","(20.0, 50.0]",0,0,0,,,no_temporal_sync,none
Previous-Piano-6108,Original_Author_3939,"(20.0, 50.0]","(3.0, 5.0]",0,0,0,,,no_temporal_sync,none
MayoSoup,Deep-Refrigerator362,"(20.0, 50.0]","(3.0, 5.0]",0,0,0,,,no_temporal_sync,none
segersmarc,New-Basil-8889,"(20.0, 50.0]","(3.0, 5.0]",0,0,0,,,no_temporal_sync,none
Makunouchiipp0,Martisanmakesbangas,"(20.0, 50.0]","(3.0, 5.0]",0,0,0,,,no_temporal_sync,none
Impossible-Draw-6627,jadosseiran,"(3.0, 5.0]","(3.0, 5.0]",0,0,0,,,no_temporal_sync,none
dudimow,MrRGnome,"(20.0, 50.0]","(20.0, 50.0]",0,0,0,,,no_temporal_sync,none
youdidntbuymstr,XxBig_D_FreshxX,"(20.0, 50.0]","(5.0, 10.0]",0,0,0,,,no_temporal_sync,none
twitch-switch,ArtisticallyRegarded,"(20.0, 50.0]","(5.0, 10.0]",0,0,0,,,no_temporal_sync,none
LakeZombie09,BlueBird884,"(20.0, 50.0]","(20.0, 50.0]",0,0,0,,,no_temporal_sync,none
theabominablewonder,TallTemperature7456,"(20.0, 50.0]","(20.0, 50.0]",0,0,0,,,no_temporal_sync,none
Specialist_Key6832,TheFurbz,"(20.0, 50.0]","(10.0, 20.0]",1,0,0,114.83333333333333,114.83333333333333,weak_temporal_overlap,weak_context
Nemesis35fr,anzel2002,"(20.0, 50.0]","(5.0, 10.0]",0,0,0,,,no_temporal_sync,none
ChapterGold8890,HighSolstice,"(20.0, 50.0]","(5.0, 10.0]",0,0,0,,,no_temporal_sync,none
lordinov,JuanBitcoin,"(20.0, 50.0]","(20.0, 50.0]",0,0,0,,,no_temporal_sync,none
Top_Mathematician895,BRVM,"(20.0, 50.0]","(20.0, 50.0]",0,0,0,,,no_temporal_sync,none
Ok-Choice-3688,The_Quackalorian,"(20.0, 50.0]","(10.0, 20.0]",0,0,0,,,no_temporal_sync,none
trefster,nugymmer,"(5.0, 10.0]","(5.0, 10.0]",0,0,0,,,no_temporal_sync,none
Shrek_Nietszche,Similar-Alps-2581,"(5.0, 10.0]","(20.0, 50.0]",0,0,0,,,no_temporal_sync,none
Amazing_Collar1133,skeetskeetamirite,"(5.0, 10.0]","(20.0, 50.0]",0,0,0,,,no_temporal_sync,none
Both-Basil2447,smartfbrankings,"(5.0, 10.0]","(10.0, 20.0]",0,0,0,,,no_temporal_sync,none
IrkinSander,dragunfire03,"(5.0, 10.0]","(20.0, 50.0]",0,0,0,,,no_temporal_sync,none
cheeseburneraccount,tysonlim2021,"(5.0, 10.0]","(20.0, 50.0]",0,0,0,,,no_temporal_sync,none
Freefromoutcome,0x456,"(5.0, 10.0]","(10.0, 20.0]",0,0,0,,,no_temporal_sync,none
PuzzledPoetry6711,Fun-Sundae4060,"(20.0, 50.0]","(20.0, 50.0]",1,1,1,5.0,5.0,strong_temporal_sync,fragile_single_event
doug5209,Objective_Digit,"(20.0, 50.0]","(10.0, 20.0]",0,0,0,,,no_temporal_sync,none
MrBones2k,lifesezNcheezy,"(20.0, 50.0]","(10.0, 20.0]",0,0,0,,,no_temporal_sync,none
CttCJim,Designer-Garage-3289,"(5.0, 10.0]","(10.0, 20.0]",0,0,0,,,no_temporal_sync,none
Helmsw0rd,Intrepid_Guidance_57,"(5.0, 10.0]","(20.0, 50.0]",1,0,0,534.6833333333333,534.6833333333333,weak_temporal_overlap,weak_context
kbot_82,summitcreature,"(5.0, 10.0]","(10.0, 20.0]",0,0,0,,,no_temporal_sync,none
FigmaWallSt,georgke,"(5.0, 10.0]","(1.0, 3.0]",0,0,0,,,no_temporal_sync,none
Zaytion_,Savo83,"(5.0, 10.0]","(5.0, 10.0]",0,0,0,,,no_temporal_sync,none
cryptonatix,beardedsalad,"(5.0, 10.0]","(10.0, 20.0]",0,0,0,,,no_temporal_sync,none
FlamingoSoggy8345,Macnamera,"(5.0, 10.0]","(10.0, 20.0]",1,0,0,634.8833333333333,634.8833333333333,weak_temporal_overlap,weak_context
ImmediateSushi,jrdeveloper1,"(5.0, 10.0]","(20.0, 50.0]",0,0,0,,,no_temporal_sync,none
teutonicprincess,NashDaypring1987,"(5.0, 10.0]","(20.0, 50.0]",0,0,0,,,no_temporal_sync,none
PlatinumTrillionaire,Lord_MUTLY,"(5.0, 10.0]","(3.0, 5.0]",0,0,0,,,no_temporal_sync,none
DR_Fabiano,_TDO,"(5.0, 10.0]","(5.0, 10.0]",0,0,0,,,no_temporal_sync,none
TheKnight_King,Final-Equipment-2605,"(5.0, 10.0]","(20.0, 50.0]",0,0,0,,,no_temporal_sync,none
Virulent69,Simple_Present_3681,"(5.0, 10.0]","(10.0, 20.0]",0,0,0,,,no_temporal_sync,none
riley2267,HovercraftAccurate68,"(5.0, 10.0]","(20.0, 50.0]",0,0,0,,,no_temporal_sync,none
AimLikeAPotato,AltREinv247,"(5.0, 10.0]","(10.0, 20.0]",0,0,0,,,no_temporal_sync,none
jamieperkins999,flossanotherday,"(10.0, 20.0]","(20.0, 50.0]",0,0,0,,,no_temporal_sync,none
phul_colons,rumi1000,"(10.0, 20.0]","(10.0, 20.0]",1,0,0,213.83333333333334,213.83333333333334,weak_temporal_overlap,weak_context
JollySno,Cheap_Meaning,"(10.0, 20.0]","(1.0, 3.0]",0,0,0,,,no_temporal_sync,none
ZebraQueasy2094,Kleijson,"(10.0, 20.0]","(5.0, 10.0]",0,0,0,,,no_temporal_sync,none
MannysBeard,Fruit_Fountain,"(10.0, 20.0]","(10.0, 20.0]",0,0,0,,,no_temporal_sync,none
Beneficial-Champion2,Sweet-Celebration498,"(10.0, 20.0]","(10.0, 20.0]",0,0,0,,,no_temporal_sync,none
raindropl,Rude-Jaguar-5930,"(10.0, 20.0]","(20.0, 50.0]",0,0,0,,,no_temporal_sync,none
only_merit,JuHustle,"(10.0, 20.0]","(20.0, 50.0]",0,0,0,,,no_temporal_sync,none
Familiar_Goat_1201,Dee2Slimeyyy,"(10.0, 20.0]","(3.0, 5.0]",0,0,0,,,no_temporal_sync,none
Scholes_SC2,Ihateuno,"(10.0, 20.0]","(5.0, 10.0]",0,0,0,,,no_temporal_sync,none
kallebo1337,Crownglow,"(10.0, 20.0]","(20.0, 50.0]",0,0,0,,,no_temporal_sync,none
Accurate-Data-7006,evotendi,"(10.0, 20.0]","(10.0, 20.0]",0,0,0,,,no_temporal_sync,none
TwoCarz,stanley_fatmax,"(10.0, 20.0]","(20.0, 50.0]",0,0,0,,,no_temporal_sync,none
Whereas-Informal,why_am_i_here_999,"(10.0, 20.0]","(10.0, 20.0]",0,0,0,,,no_temporal_sync,none
TewMuch,Dread_An0n,"(20.0, 50.0]","(10.0, 20.0]",0,0,0,,,no_temporal_sync,none
HovercraftAccurate68,smartdongdong,"(20.0, 50.0]","(1.0, 3.0]",0,0,0,,,no_temporal_sync,none
Gh0st_Pirate_LeChuck,Jon_Hodl,"(20.0, 50.0]","(5.0, 10.0]",0,0,0,,,no_temporal_sync,none
zenecence,Matrix0007,"(20.0, 50.0]","(10.0, 20.0]",0,0,0,,,no_temporal_sync,none
Loopbloc,canadas,"(20.0, 50.0]","(10.0, 20.0]",0,0,0,,,no_temporal_sync,none
Pippouai,Deacon86,"(20.0, 50.0]","(20.0, 50.0]",0,0,0,,,no_temporal_sync,none
Rydog_78,Gohan335i7,"(20.0, 50.0]","(20.0, 50.0]",0,0,0,,,no_temporal_sync,none
chewyjackson,Mental-Ingenuity-933,"(20.0, 50.0]","(3.0, 5.0]",0,0,0,,,no_temporal_sync,none
Llonga,JoeNakamoto,"(20.0, 50.0]","(5.0, 10.0]",0,0,0,,,no_temporal_sync,none
Repulsive_Physics_51,FieserKiller,"(20.0, 50.0]","(20.0, 50.0]",0,0,0,,,no_temporal_sync,none
RR69ER,FGX302,"(20.0, 50.0]","(10.0, 20.0]",0,0,0,,,no_temporal_sync,none
According_Sweet_6262,Lost-Trouble-4971,"(20.0, 50.0]","(20.0, 50.0]",2,0,0,1310.5333333333333,1108.3666666666666,weak_temporal_overlap,weak_context
Jumpy_Hold6249,Kasegigashira,"(20.0, 50.0]","(10.0, 20.0]",1,0,0,811.7166666666667,811.7166666666667,weak_temporal_overlap,weak_context
raindropl,Tatler-Jack,"(10.0, 20.0]","(1.0, 3.0]",0,0,0,,,no_temporal_sync,none
Lightspeed_HQ,TheThirdBrainLives,"(10.0, 20.0]","(5.0, 10.0]",1,0,0,338.9166666666667,338.9166666666667,weak_temporal_overlap,weak_context
mercistheman,steyphein,"(10.0, 20.0]","(10.0, 20.0]",0,0,0,,,no_temporal_sync,none
XxMoopyxX,Comfortable_Fun_2664,"(10.0, 20.0]","(10.0, 20.0]",0,0,0,,,no_temporal_sync,none
5dollaryo,SpecialDonkey6563,"(10.0, 20.0]","(20.0, 50.0]",0,0,0,,,no_temporal_sync,none
Electrical-Entry5669,MustHaveMoustache,"(10.0, 20.0]","(20.0, 50.0]",0,0,0,,,no_temporal_sync,none
SubstantialCarpet604,MatterBusy3545,"(10.0, 20.0]","(3.0, 5.0]",0,0,0,,,no_temporal_sync,none
Sopiate,arc_is_on5198,"(10.0, 20.0]","(5.0, 10.0]",0,0,0,,,no_temporal_sync,none
nowdontbehasty,JazzCabbage69420,"(10.0, 20.0]","(20.0, 50.0]",0,0,0,,,no_temporal_sync,none
CarlitosLucryLULz,Critical_Studio1758,"(10.0, 20.0]","(10.0, 20.0]",0,0,0,,,no_temporal_sync,none
j20Taylor,AverageBitcoiner,"(10.0, 20.0]","(20.0, 50.0]",0,0,0,,,no_temporal_sync,none
BitcoinFan7,PontificatingDonut,"(10.0, 20.0]","(10.0, 20.0]",0,0,0,,,no_temporal_sync,none
ItsPickles,evgeniy_pp,"(1.0, 3.0]","(5.0, 10.0]",0,0,0,,,no_temporal_sync,none
PeaceLovenJoy45,pakovm,"(1.0, 3.0]","(10.0, 20.0]",0,0,0,,,no_temporal_sync,none
nycteris91,offgridgecko,"(1.0, 3.0]","(10.0, 20.0]",2,0,0,487.1166666666667,250.66666666666666,weak_temporal_overlap,weak_context
silentfuckingnight,radamec17,"(1.0, 3.0]","(20.0, 50.0]",0,0,0,,,no_temporal_sync,none
Asleep_Blueberry_177,1776CommonLaw,"(1.0, 3.0]","(20.0, 50.0]",0,0,0,,,no_temporal_sync,none
Kleijson,sayyouswear300,"(1.0, 3.0]","(3.0, 5.0]",0,0,0,,,no_temporal_sync,none
ivanjurman,True_Swordfish3951,"(1.0, 3.0]","(5.0, 10.0]",0,0,0,,,no_temporal_sync,none
MrKittenz,Pristine-Scarcity-25,"(1.0, 3.0]","(20.0, 50.0]",0,0,0,,,no_temporal_sync,none
obe_reefer,Serious-Rutabaga-195,"(1.0, 3.0]","(10.0, 20.0]",0,0,0,,,no_temporal_sync,none
Downvoting_is_evil,ameruelo,"(1.0, 3.0]","(20.0, 50.0]",0,0,0,,,no_temporal_sync,none
Applezs89,masteratrisk,"(1.0, 3.0]","(10.0, 20.0]",0,0,0,,,no_temporal_sync,none
InevitableCost3167,Macnamera,"(5.0, 10.0]","(10.0, 20.0]",0,0,0,,,no_temporal_sync,none
IdleHeroCrazyFan,creative_usr_name,"(5.0, 10.0]","(10.0, 20.0]",0,0,0,,,no_temporal_sync,none
heysoundude,No-Enthusiasm9274,"(5.0, 10.0]","(20.0, 50.0]",0,0,0,,,no_temporal_sync,none
ejcitizen,DebuggingDave,"(5.0, 10.0]","(20.0, 50.0]",0,0,0,,,no_temporal_sync,none
Dazzling_Marzipan474,StanYanMan,"(5.0, 10.0]","(3.0, 5.0]",0,0,0,,,no_temporal_sync,none
masixx,bipohigh710,"(5.0, 10.0]","(5.0, 10.0]",0,0,0,,,no_temporal_sync,none
Gaia4495,JuHustle,"(5.0, 10.0]","(20.0, 50.0]",0,0,0,,,no_temporal_sync,none
Emergency_Bother9837,Ok_Nefariousness9019,"(5.0, 10.0]","(10.0, 20.0]",0,0,0,,,no_temporal_sync,none
Beaneater541,DasRedBeard87,"(5.0, 10.0]","(20.0, 50.0]",0,0,0,,,no_temporal_sync,none
ididntsaygoyet,Mr_Burgess_,"(5.0, 10.0]","(10.0, 20.0]",0,0,0,,,no_temporal_sync,none
Rocknzip,Traditional_Bug1626,"(10.0, 20.0]","(10.0, 20.0]",0,0,0,,,no_temporal_sync,none
Murky-Statistician45,Junior_Client3022,"(10.0, 20.0]","(20.0, 50.0]",0,0,0,,,no_temporal_sync,none
pixelsteve,simonj69,"(10.0, 20.0]","(20.0, 50.0]",0,0,0,,,no_temporal_sync,none
MashedPotatoh,spongebruh,"(10.0, 20.0]","(3.0, 5.0]",0,0,0,,,no_temporal_sync,none
Ok_Nefariousness9019,blizzardboy123,"(10.0, 20.0]","(5.0, 10.0]",1,0,1,17.783333333333335,17.783333333333335,weak_temporal_overlap,moderate_review
Flurb789,MrGymBread,"(10.0, 20.0]","(20.0, 50.0]",1,0,0,545.0833333333334,545.0833333333334,weak_temporal_overlap,weak_context
buyBTCyoufuckingtard,Fantastic-Tadpole-43,"(10.0, 20.0]","(10.0, 20.0]",0,0,0,,,no_temporal_sync,none
itsdevineleven,girlplayvoice,"(10.0, 20.0]","(20.0, 50.0]",0,0,0,,,no_temporal_sync,none
shaggadally,VFFC-,"(10.0, 20.0]","(10.0, 20.0]",0,0,0,,,no_temporal_sync,none
Bitcoin_Conference,Flimsy_Oven_7569,"(10.0, 20.0]","(20.0, 50.0]",0,0,0,,,no_temporal_sync,none
Familiar_Cat_93,Argyrus777,"(10.0, 20.0]","(20.0, 50.0]",0,0,0,,,no_temporal_sync,none
Jonyvoid,Known_Frosting_2049,"(10.0, 20.0]","(3.0, 5.0]",0,0,0,,,no_temporal_sync,none
ArthurBurtonMorgan,etsolow,"(10.0, 20.0]","(5.0, 10.0]",0,0,0,,,no_temporal_sync,none
MRTzAItR,Electronic-Teach-578,"(10.0, 20.0]","(20.0, 50.0]",0,0,0,,,no_temporal_sync,none
abeivanbe,Ultimo_Ninja,"(10.0, 20.0]","(10.0, 20.0]",0,0,0,,,no_temporal_sync,none
DollarReboot,TewMuch,"(10.0, 20.0]","(20.0, 50.0]",0,0,0,,,no_temporal_sync,none
Avocado_Ash,Vdhsvhsvhshvshsjdkkd,"(10.0, 20.0]","(10.0, 20.0]",0,0,0,,,no_temporal_sync,none
Ok_Firefighter4282,mathaiser,"(20.0, 50.0]","(20.0, 50.0]",0,0,0,,,no_temporal_sync,none
amtib00,parakite,"(20.0, 50.0]","(3.0, 5.0]",0,0,0,,,no_temporal_sync,none
SirShellyDon,highspeed717,"(20.0, 50.0]","(5.0, 10.0]",0,0,0,,,no_temporal_sync,none
ConsiderationNew4765,mrkenparry,"(20.0, 50.0]","(20.0, 50.0]",0,0,0,,,no_temporal_sync,none
Doritos707,EASIMONEY88,"(20.0, 50.0]","(10.0, 20.0]",0,0,0,,,no_temporal_sync,none
Objective-Share-7881,Capital-Writing40,"(20.0, 50.0]","(20.0, 50.0]",0,0,0,,,no_temporal_sync,none
Gh0st_Pirate_LeChuck,MusicalBonsai,"(20.0, 50.0]","(10.0, 20.0]",0,0,0,,,no_temporal_sync,none
FieserKiller,JPD312,"(20.0, 50.0]","(3.0, 5.0]",0,0,0,,,no_temporal_sync,none
radiocrime,jamesegattis,"(20.0, 50.0]","(5.0, 10.0]",0,0,0,,,no_temporal_sync,none
LadyBird1281,angelwolf71885,"(20.0, 50.0]","(20.0, 50.0]",0,0,0,,,no_temporal_sync,none
hcm1976,miroshi2,"(20.0, 50.0]","(10.0, 20.0]",0,0,0,,,no_temporal_sync,none
H8880880,boringpretty,"(20.0, 50.0]","(20.0, 50.0]",0,0,0,,,no_temporal_sync,none
110010010011,excelance,"(20.0, 50.0]","(10.0, 20.0]",0,0,0,,,no_temporal_sync,none
KekoaE,aFungible,"(3.0, 5.0]","(5.0, 10.0]",0,0,0,,,no_temporal_sync,none
Countryman81,Interesting_Claim540,"(3.0, 5.0]","(20.0, 50.0]",0,0,0,,,no_temporal_sync,none
riperson,wowowiwoww,"(3.0, 5.0]","(10.0, 20.0]",0,0,0,,,no_temporal_sync,none
DifficultAd7436,NationalBitcoin,"(3.0, 5.0]","(20.0, 50.0]",0,0,0,,,no_temporal_sync,none
Alliedbstard,MySanuk,"(3.0, 5.0]","(10.0, 20.0]",0,0,0,,,no_temporal_sync,none
Exotic_Swan2678,Prior-Patience5139,"(5.0, 10.0]","(20.0, 50.0]",0,0,0,,,no_temporal_sync,none
TiledCandlesnuffer,namesaretakenwtf,"(5.0, 10.0]","(10.0, 20.0]",0,0,0,,,no_temporal_sync,none
Dysonator401,MustHaveMoustache,"(5.0, 10.0]","(20.0, 50.0]",0,0,0,,,no_temporal_sync,none
HaleBopp22,AndyWarholLives,"(5.0, 10.0]","(10.0, 20.0]",0,0,0,,,no_temporal_sync,none
Bongressman,Yesthisisdogmeow,"(20.0, 50.0]","(10.0, 20.0]",0,0,0,,,no_temporal_sync,none
marshmallowlaw,gponter79,"(20.0, 50.0]","(20.0, 50.0]",0,0,0,,,no_temporal_sync,none
Substantial_Cap6242,Whereas-Informal,"(20.0, 50.0]","(10.0, 20.0]",0,0,0,,,no_temporal_sync,none
ry2waka,Kriskao,"(10.0, 20.0]","(20.0, 50.0]",0,0,0,,,no_temporal_sync,none
nickjsul4,theodursoeren,"(10.0, 20.0]","(10.0, 20.0]",0,0,0,,,no_temporal_sync,none
1776CommonLaw,Perfect-Geologist728,"(20.0, 50.0]","(10.0, 20.0]",0,0,0,,,no_temporal_sync,none
Background-Mud-777,gameison007,"(10.0, 20.0]","(20.0, 50.0]",0,0,0,,,no_temporal_sync,none
rguerraf,acorcuera,"(10.0, 20.0]","(50.0, 100.0]",1,0,0,1608.3833333333334,1608.3833333333334,weak_temporal_overlap,weak_context
PB-00,keen23331,"(10.0, 20.0]","(10.0, 20.0]",0,0,0,,,no_temporal_sync,none
Dayo22,Halo22B,"(20.0, 50.0]","(50.0, 100.0]",2,0,0,162.73333333333335,144.3,weak_temporal_overlap,weak_context
Angeloa22,solomonsatoshi,"(20.0, 50.0]","(10.0, 20.0]",0,0,0,,,no_temporal_sync,none
MinimalistMindset35,OuterBlue090,"(50.0, 100.0]","(10.0, 20.0]",1,0,0,663.15,663.15,weak_temporal_overlap,weak_context
waldito,AriesThef0x,"(20.0, 50.0]","(20.0, 50.0]",0,0,0,,,no_temporal_sync,none
pwalkz,BaldDragonSlayer,"(20.0, 50.0]","(20.0, 50.0]",0,0,0,,,no_temporal_sync,none
ZeFGooFy,bumgunner,"(20.0, 50.0]","(3.0, 5.0]",0,0,0,,,no_temporal_sync,none
CanadianCompSciGuy,ProprietaryIsSpyware,"(20.0, 50.0]","(20.0, 50.0]",0,0,0,,,no_temporal_sync,none
JanPB,Justthinking7980,"(20.0, 50.0]","(3.0, 5.0]",0,0,0,,,no_temporal_sync,none
Inevitable-Creme4393,distillenger,"(20.0, 50.0]","(3.0, 5.0]",0,0,0,,,no_temporal_sync,none
Conscious-Bag-5134,AimLikeAPotato,"(10.0, 20.0]","(5.0, 10.0]",1,0,0,122.23333333333333,122.23333333333333,weak_temporal_overlap,weak_context
Ill-Sheepherder5207,Holiday_Jury9228,"(10.0, 20.0]","(5.0, 10.0]",0,0,0,,,no_temporal_sync,none
SrirachaPeass,T-Zing,"(10.0, 20.0]","(10.0, 20.0]",0,0,0,,,no_temporal_sync,none
Mystic_Nipple,HankScorpio2020,"(10.0, 20.0]","(5.0, 10.0]",0,0,0,,,no_temporal_sync,none
Dudebro21000000,Maleficent_Share1084,"(10.0, 20.0]","(20.0, 50.0]",0,0,0,,,no_temporal_sync,none
buchetti09,bigtallbiscuit,"(10.0, 20.0]","(5.0, 10.0]",0,0,0,,,no_temporal_sync,none
Ok-Bedroom5026,originalrocket,"(10.0, 20.0]","(10.0, 20.0]",0,0,0,,,no_temporal_sync,none
Effective-Ad5644,Rizzguru,"(10.0, 20.0]","(10.0, 20.0]",0,0,0,,,no_temporal_sync,none
tribepride25,Diogenes_Th3_Dog,"(10.0, 20.0]","(5.0, 10.0]",1,0,0,447.96666666666664,447.96666666666664,weak_temporal_overlap,weak_context
ScaryTrack4479,digitalr3lapse,"(10.0, 20.0]","(10.0, 20.0]",1,0,0,209.53333333333333,209.53333333333333,weak_temporal_overlap,weak_context
Hot_Argument3016,Synchrodestined,"(10.0, 20.0]","(20.0, 50.0]",0,0,0,,,no_temporal_sync,none
Virtual-Ad7848,SquashBox17,"(10.0, 20.0]","(10.0, 20.0]",0,0,0,,,no_temporal_sync,none
awaller777,Kramrod33,"(10.0, 20.0]","(20.0, 50.0]",0,0,0,,,no_temporal_sync,none
r7re,tklite,"(5.0, 10.0]","(5.0, 10.0]",0,0,0,,,no_temporal_sync,none
aranou,Conscious_Cut_6144,"(5.0, 10.0]","(10.0, 20.0]",0,0,0,,,no_temporal_sync,none
anzel2002,ThePikesvillain,"(5.0, 10.0]","(5.0, 10.0]",0,0,0,,,no_temporal_sync,none
wobes11,Fit-West1045,"(5.0, 10.0]","(20.0, 50.0]",0,0,0,,,no_temporal_sync,none
bitrequest,automaticphil,"(5.0, 10.0]","(5.0, 10.0]",0,0,0,,,no_temporal_sync,none
Denniszi,Avalanche325,"(5.0, 10.0]","(10.0, 20.0]",0,0,0,,,no_temporal_sync,none
johnfromma,Psychological_Fox139,"(5.0, 10.0]","(10.0, 20.0]",1,0,0,148.01666666666668,148.01666666666668,weak_temporal_overlap,weak_context
drdrew450,MedellinCapital,"(5.0, 10.0]","(5.0, 10.0]",1,1,1,3.4833333333333334,3.4833333333333334,strong_temporal_sync,fragile_single_event
Haunting_Grand4074,casualgamerTX55,"(5.0, 10.0]","(10.0, 20.0]",0,0,0,,,no_temporal_sync,none
macumazana,downtherabbit,"(5.0, 10.0]","(20.0, 50.0]",0,0,0,,,no_temporal_sync,none
lordagr,Coininator,"(5.0, 10.0]","(10.0, 20.0]",0,0,0,,,no_temporal_sync,none
PsyOmega,SpaceToadD,"(5.0, 10.0]","(20.0, 50.0]",1,0,0,755.35,755.35,weak_temporal_overlap,weak_context
bootmeng,Citizen_Kano,"(5.0, 10.0]","(10.0, 20.0]",0,0,0,,,no_temporal_sync,none
fractionofawhole,RecessionGuy,"(5.0, 10.0]","(5.0, 10.0]",0,0,0,,,no_temporal_sync,none
Gramlan17,DasRedBeard87,"(5.0, 10.0]","(20.0, 50.0]",0,0,0,,,no_temporal_sync,none
RecessionGuy,Nickcav1,"(5.0, 10.0]","(5.0, 10.0]",0,0,0,,,no_temporal_sync,none
likelickpssy,Tothinkoutofthenut,"(5.0, 10.0]","(10.0, 20.0]",0,0,0,,,no_temporal_sync,none
Ragesauce5000,karmassacre,"(5.0, 10.0]","(10.0, 20.0]",0,0,0,,,no_temporal_sync,none
BigPlayCrypto,one-bad-dude,"(5.0, 10.0]","(5.0, 10.0]",0,0,0,,,no_temporal_sync,none
Conscious-Strike-565,Bakkus1987,"(5.0, 10.0]","(10.0, 20.0]",0,0,0,,,no_temporal_sync,none
johnfromma,CommanderOfPudding,"(5.0, 10.0]","(20.0, 50.0]",0,0,0,,,no_temporal_sync,none
jeff2335,TimoJWacting,"(5.0, 10.0]","(10.0, 20.0]",0,0,0,,,no_temporal_sync,none
Zidy13,CapitalIncome845,"(5.0, 10.0]","(20.0, 50.0]",0,0,0,,,no_temporal_sync,none
Zx40,retr0ctv,"(10.0, 20.0]","(5.0, 10.0]",0,0,0,,,no_temporal_sync,none
Long-Ad7490,Ok-Landscape-1681,"(10.0, 20.0]","(20.0, 50.0]",0,0,0,,,no_temporal_sync,none
Longjumping-Low3164,spaceghostboywonder,"(10.0, 20.0]","(5.0, 10.0]",0,0,0,,,no_temporal_sync,none
Clear_Item_922,creative_usr_name,"(10.0, 20.0]","(10.0, 20.0]",0,0,0,,,no_temporal_sync,none
AdFormal8116,Dinoage,"(10.0, 20.0]","(10.0, 20.0]",0,0,0,,,no_temporal_sync,none
tigercublondon,dopstra,"(10.0, 20.0]","(5.0, 10.0]",0,0,0,,,no_temporal_sync,none
Giordano86,Gloomy_Dependent_985,"(10.0, 20.0]","(10.0, 20.0]",0,0,0,,,no_temporal_sync,none
Stray14,Altruistic_Mobile_60,"(10.0, 20.0]","(20.0, 50.0]",0,0,0,,,no_temporal_sync,none
CoachFelix,TheOnlyVibemaster,"(10.0, 20.0]","(10.0, 20.0]",0,0,0,,,no_temporal_sync,none
No-Newspaper8600,MrBones2k,"(10.0, 20.0]","(20.0, 50.0]",0,0,0,,,no_temporal_sync,none
stan_papusa,neiped,"(5.0, 10.0]","(20.0, 50.0]",0,0,0,,,no_temporal_sync,none
d4rkc4sm,cowswho2,"(5.0, 10.0]","(5.0, 10.0]",0,0,0,,,no_temporal_sync,none
OkName7560,Psychological_Fox139,"(5.0, 10.0]","(10.0, 20.0]",0,0,0,,,no_temporal_sync,none
JasperMcGee,Imaginary_RN,"(5.0, 10.0]","(10.0, 20.0]",0,0,0,,,no_temporal_sync,none
JACKDEE1,Coretron,"(5.0, 10.0]","(5.0, 10.0]",0,0,0,,,no_temporal_sync,none
twogendersorder,MRLONGISLAND86,"(5.0, 10.0]","(10.0, 20.0]",1,0,0,144.83333333333334,144.83333333333334,weak_temporal_overlap,weak_context
E-MW888,SUPERDUPER-DMT,"(5.0, 10.0]","(20.0, 50.0]",0,0,0,,,no_temporal_sync,none
migosdab,Adorable-Price4231,"(5.0, 10.0]","(10.0, 20.0]",0,0,0,,,no_temporal_sync,none
563847293810,Pristine-Scarcity-25,"(5.0, 10.0]","(20.0, 50.0]",0,0,0,,,no_temporal_sync,none
CrosstrekTrail,AdSorry2031,"(20.0, 50.0]","(5.0, 10.0]",0,0,0,,,no_temporal_sync,none
Expert_Joke8013,theBacillus,"(20.0, 50.0]","(10.0, 20.0]",0,0,0,,,no_temporal_sync,none
Strict_Alps_1304,Yesthisisdogmeow,"(20.0, 50.0]","(10.0, 20.0]",0,0,0,,,no_temporal_sync,none
kurremise,Worried_Region_3745,"(20.0, 50.0]","(5.0, 10.0]",0,0,0,,,no_temporal_sync,none
girlplayvoice,ookeeah,"(20.0, 50.0]","(10.0, 20.0]",0,0,0,,,no_temporal_sync,none
nestiebein,Sunnyjim333,"(20.0, 50.0]","(20.0, 50.0]",0,0,0,,,no_temporal_sync,none
MeanTimeMeTime,rapgab,"(20.0, 50.0]","(10.0, 20.0]",0,0,0,,,no_temporal_sync,none
zenecence,desexmachina,"(20.0, 50.0]","(20.0, 50.0]",0,0,0,,,no_temporal_sync,none
TajinToucan,why_am_i_here_999,"(5.0, 10.0]","(10.0, 20.0]",0,0,0,,,no_temporal_sync,none
WTFisThatSMell,NoSleep206,"(5.0, 10.0]","(10.0, 20.0]",0,0,0,,,no_temporal_sync,none
Dapper-Woodpecker443,Fancy_Childhood_5575,"(5.0, 10.0]","(5.0, 10.0]",0,0,0,,,no_temporal_sync,none
FoundOnExit9Teen,Accurate-Data-7006,"(5.0, 10.0]","(10.0, 20.0]",0,0,0,,,no_temporal_sync,none
JubJubsFunFactory,Conscious-Local-8095,"(5.0, 10.0]","(20.0, 50.0]",0,0,0,,,no_temporal_sync,none
AdrenochromeFolklore,Gringokid03,"(5.0, 10.0]","(10.0, 20.0]",0,0,0,,,no_temporal_sync,none
Amarettxo,Greeno2150,"(5.0, 10.0]","(20.0, 50.0]",0,0,0,,,no_temporal_sync,none
bilstream,subservient-mouth,"(10.0, 20.0]","(10.0, 20.0]",0,0,0,,,no_temporal_sync,none
Extreme_Marketing865,NRmy73,"(10.0, 20.0]","(5.0, 10.0]",0,0,0,,,no_temporal_sync,none
UOKM8,rtmxavi,"(10.0, 20.0]","(10.0, 20.0]",0,0,0,,,no_temporal_sync,none
gnucripto,FnAardvark,"(10.0, 20.0]","(20.0, 50.0]",0,0,0,,,no_temporal_sync,none
Comfortable_Radio384,NoMasterpieceArt,"(10.0, 20.0]","(10.0, 20.0]",0,0,0,,,no_temporal_sync,none
ZenOfFool,Doritos707,"(10.0, 20.0]","(20.0, 50.0]",0,0,0,,,no_temporal_sync,none
arcrad,andyszal,"(10.0, 20.0]","(5.0, 10.0]",0,0,0,,,no_temporal_sync,none
Aggressive_Mouse_593,Downvoting_is_evil,"(10.0, 20.0]","(10.0, 20.0]",0,0,0,,,no_temporal_sync,none
Frequent_Staff2896,DumbestBoy,"(10.0, 20.0]","(20.0, 50.0]",0,0,0,,,no_temporal_sync,none
VirtuaFighter6,bootybanditttz,"(10.0, 20.0]","(10.0, 20.0]",0,0,0,,,no_temporal_sync,none
andreas_europe,A1JX52rentner,"(10.0, 20.0]","(20.0, 50.0]",0,0,0,,,no_temporal_sync,none
coupl4nd,minorthreatmikey,"(5.0, 10.0]","(10.0, 20.0]",0,0,0,,,no_temporal_sync,none
Narrow-Surround-8416,FunVisual3192,"(5.0, 10.0]","(20.0, 50.0]",0,0,0,,,no_temporal_sync,none
Radekzalenka,kelsiguidry,"(5.0, 10.0]","(10.0, 20.0]",0,0,0,,,no_temporal_sync,none
Vegetable-Bee8447,Antique_Wrongdoer775,"(5.0, 10.0]","(20.0, 50.0]",0,0,0,,,no_temporal_sync,none
Popular_Log1786,1of21million,"(10.0, 20.0]","(20.0, 50.0]",1,0,0,647.1833333333333,647.1833333333333,weak_temporal_overlap,weak_context
DankElderberries420,saucedonkey,"(10.0, 20.0]","(10.0, 20.0]",0,0,0,,,no_temporal_sync,none
Tropicthunder07,Reg_doge_dwight,"(10.0, 20.0]","(20.0, 50.0]",0,0,0,,,no_temporal_sync,none
TheAscensionLattice,mage14,"(20.0, 50.0]","(10.0, 20.0]",0,0,0,,,no_temporal_sync,none
chaosorbs,noticer626,"(20.0, 50.0]","(20.0, 50.0]",0,0,0,,,no_temporal_sync,none
information-zone,Lost-Trouble-4971,"(10.0, 20.0]","(20.0, 50.0]",0,0,0,,,no_temporal_sync,none
Azoth424,pisscat101,"(3.0, 5.0]","(3.0, 5.0]",0,0,0,,,no_temporal_sync,none
doemcmmckmd332,Vannevar_VanGossamer,"(3.0, 5.0]","(1.0, 3.0]",0,0,0,,,no_temporal_sync,none
smellbetweenthelines,playtrix,"(3.0, 5.0]","(3.0, 5.0]",0,0,0,,,no_temporal_sync,none
Nappingspider,CamelWeekly1313,"(3.0, 5.0]","(5.0, 10.0]",0,0,0,,,no_temporal_sync,none
theoldme3,Additional_City5392,"(3.0, 5.0]","(3.0, 5.0]",1,0,0,1699.3666666666666,1699.3666666666666,weak_temporal_overlap,weak_context
geekphreak,Spiritwolf7000,"(3.0, 5.0]","(3.0, 5.0]",0,0,0,,,no_temporal_sync,none
zombiecorp,CarnivoreMedia,"(3.0, 5.0]","(5.0, 10.0]",0,0,0,,,no_temporal_sync,none
Phine420,fleeyevegans,"(3.0, 5.0]","(3.0, 5.0]",0,0,0,,,no_temporal_sync,none
mrhndr_x,DrSilkyDelicious,"(3.0, 5.0]","(10.0, 20.0]",0,0,0,,,no_temporal_sync,none
random_username456,djereezy,"(3.0, 5.0]","(20.0, 50.0]",0,0,0,,,no_temporal_sync,none
Upset-Positive1632,ShrimpDesigner,"(3.0, 5.0]","(20.0, 50.0]",0,0,0,,,no_temporal_sync,none
irgeorge,Additional_City5392,"(3.0, 5.0]","(1.0, 3.0]",0,0,0,,,no_temporal_sync,none
Impossible_Low_8406,RevolutionaryPie5223,"(3.0, 5.0]","(3.0, 5.0]",0,0,0,,,no_temporal_sync,none
LetsPlayLehrer,energetic_one,"(3.0, 5.0]","(5.0, 10.0]",0,0,0,,,no_temporal_sync,none
UldrenTargaryen,jackhref,"(3.0, 5.0]","(3.0, 5.0]",0,0,0,,,no_temporal_sync,none
Narada-Muni,shoozerme,"(3.0, 5.0]","(3.0, 5.0]",0,0,0,,,no_temporal_sync,none
MoldDrivesMeNutz,steele404,"(3.0, 5.0]","(5.0, 10.0]",0,0,0,,,no_temporal_sync,none
TintedOuting,misbister14,"(3.0, 5.0]","(3.0, 5.0]",0,0,0,,,no_temporal_sync,none
Friendly-Western-677,NewtSpiritual3181,"(3.0, 5.0]","(10.0, 20.0]",0,0,0,,,no_temporal_sync,none
cvrdcall,Regret-Select,"(3.0, 5.0]","(20.0, 50.0]",0,0,0,,,no_temporal_sync,none
WheyandWeights,vinny_conswego,"(3.0, 5.0]","(20.0, 50.0]",1,0,0,247.13333333333333,247.13333333333333,weak_temporal_overlap,weak_context
Traditional_Bug1626,Impossible_Soup_1932,"(1.0, 3.0]","(3.0, 5.0]",0,0,0,,,no_temporal_sync,none
japanb,LetItRaine386,"(1.0, 3.0]","(5.0, 10.0]",0,0,0,,,no_temporal_sync,none
MarcusAvouris,DaneCurley,"(1.0, 3.0]","(3.0, 5.0]",0,0,0,,,no_temporal_sync,none
nicman24,onfroiGamer,"(1.0, 3.0]","(3.0, 5.0]",0,0,0,,,no_temporal_sync,none
Dmnltry8524,Imagineforyourself,"(1.0, 3.0]","(5.0, 10.0]",0,0,0,,,no_temporal_sync,none
Gwuana,I_am_Searching,"(1.0, 3.0]","(3.0, 5.0]",1,0,0,1564.3666666666666,1564.3666666666666,weak_temporal_overlap,weak_context
hik3guy,buybtcforgodsake,"(1.0, 3.0]","(10.0, 20.0]",0,0,0,,,no_temporal_sync,none
ConsistentMorning174,uptownjesus,"(1.0, 3.0]","(20.0, 50.0]",0,0,0,,,no_temporal_sync,none
SirFomo,Terrible_Bread_2341,"(1.0, 3.0]","(20.0, 50.0]",0,0,0,,,no_temporal_sync,none
Silent_Flatworm_6661,Mountain-Detail-8213,"(3.0, 5.0]","(5.0, 10.0]",0,0,0,,,no_temporal_sync,none
MarmeladePomegranate,BigAcorn1770,"(3.0, 5.0]","(3.0, 5.0]",0,0,0,,,no_temporal_sync,none
Additional-Rip-7410,West-Fortune-1644,"(3.0, 5.0]","(3.0, 5.0]",0,0,0,,,no_temporal_sync,none
PairTracker,Suspicious-Holiday42,"(3.0, 5.0]","(5.0, 10.0]",0,0,0,,,no_temporal_sync,none
Ienjoytoreadit,JosephBlow,"(3.0, 5.0]","(3.0, 5.0]",0,0,0,,,no_temporal_sync,none
satsugene,Applezs89,"(3.0, 5.0]","(10.0, 20.0]",0,0,0,,,no_temporal_sync,none
CaoNiMaChonker,No-Energy4550,"(3.0, 5.0]","(20.0, 50.0]",0,0,0,,,no_temporal_sync,none
hik3guy,Consistent-Cloud-354,"(3.0, 5.0]","(20.0, 50.0]",0,0,0,,,no_temporal_sync,none
xixi2,Msc_is_a_fish_label,"(5.0, 10.0]","(3.0, 5.0]",0,0,0,,,no_temporal_sync,none
Exciting_Draft_4564,MosEisleyEscorts,"(5.0, 10.0]","(3.0, 5.0]",0,0,0,,,no_temporal_sync,none
grasimasi,NotFunyyAtALL,"(5.0, 10.0]","(5.0, 10.0]",0,0,0,,,no_temporal_sync,none
Sonicthoughts,Wadafak19,"(5.0, 10.0]","(3.0, 5.0]",0,0,0,,,no_temporal_sync,none
BigBigMooney,j20Taylor,"(5.0, 10.0]","(10.0, 20.0]",0,0,0,,,no_temporal_sync,none
Old-Championship-324,Dry_Sky_8695,"(5.0, 10.0]","(20.0, 50.0]",0,0,0,,,no_temporal_sync,none
justignoremeplsthx,cleanbeandream,"(5.0, 10.0]","(20.0, 50.0]",0,0,0,,,no_temporal_sync,none
ES1123,Bluenosesailor,"(3.0, 5.0]","(3.0, 5.0]",0,0,0,,,no_temporal_sync,none
ivanlsa,davidcwilliams,"(3.0, 5.0]","(5.0, 10.0]",0,0,0,,,no_temporal_sync,none
EliteMonkey007,EconomicsOk9593,"(3.0, 5.0]","(3.0, 5.0]",0,0,0,,,no_temporal_sync,none
Dude_Language,johnnyBuz,"(3.0, 5.0]","(10.0, 20.0]",0,0,0,,,no_temporal_sync,none
Bad-job-dad,Top_Mind9514,"(3.0, 5.0]","(20.0, 50.0]",0,0,0,,,no_temporal_sync,none
EastCoastASICRepair,Emergency-Warthog-56,"(3.0, 5.0]","(20.0, 50.0]",0,0,0,,,no_temporal_sync,none
FamousPussyGrabber,Legitimate-Ad-6385,"(3.0, 5.0]","(5.0, 10.0]",0,0,0,,,no_temporal_sync,none
Wild_East9506,I_snort_FUD,"(3.0, 5.0]","(3.0, 5.0]",0,0,0,,,no_temporal_sync,none
Routine_Statement807,Vdhsvhsvhshvshsjdkkd,"(3.0, 5.0]","(10.0, 20.0]",0,0,0,,,no_temporal_sync,none
semiotics_rekt,TheRealGaycob,"(3.0, 5.0]","(20.0, 50.0]",0,0,0,,,no_temporal_sync,none
Dotabjj,EarMiserable131,"(3.0, 5.0]","(20.0, 50.0]",0,0,0,,,no_temporal_sync,none
TelephoneHead229,TheRedditWizz,"(5.0, 10.0]","(3.0, 5.0]",0,0,0,,,no_temporal_sync,none
Frontfatpouch,Dunglebat,"(5.0, 10.0]","(10.0, 20.0]",0,0,0,,,no_temporal_sync,none
Lasse363,Scotty_NZ,"(5.0, 10.0]","(20.0, 50.0]",0,0,0,,,no_temporal_sync,none
_hydre_,somedudenamedjason,"(5.0, 10.0]","(20.0, 50.0]",0,0,0,,,no_temporal_sync,none
280HelenA,Leading_Bandicoot358,"(3.0, 5.0]","(10.0, 20.0]",0,0,0,,,no_temporal_sync,none
mrtnbaker01,No-Put7619,"(3.0, 5.0]","(20.0, 50.0]",0,0,0,,,no_temporal_sync,none
ResultSavings3571,TopKekistan76,"(3.0, 5.0]","(20.0, 50.0]",0,0,0,,,no_temporal_sync,none
Futurama-Owl,BradDjango,"(10.0, 20.0]","(20.0, 50.0]",0,0,0,,,no_temporal_sync,none
Matrix-OP,Own_Sky9933,"(10.0, 20.0]","(20.0, 50.0]",0,0,0,,,no_temporal_sync,none
mikkiangelo,rocket_beer,"(20.0, 50.0]","(20.0, 50.0]",1,0,0,1173.7166666666667,1173.7166666666667,weak_temporal_overlap,weak_context
__redruM,OldPyjama,"(5.0, 10.0]","(20.0, 50.0]",0,0,0,,,no_temporal_sync,none
Neonbelly22,Grouchy_Tonight_1747,"(5.0, 10.0]","(5.0, 10.0]",0,0,0,,,no_temporal_sync,none
manugd,The_surreal_McCoy,"(5.0, 10.0]","(10.0, 20.0]",0,0,0,,,no_temporal_sync,none
Mighty_Zen,Erocdotusa,"(5.0, 10.0]","(10.0, 20.0]",0,0,0,,,no_temporal_sync,none
bbt104,Zombiegnome623,"(5.0, 10.0]","(5.0, 10.0]",0,0,0,,,no_temporal_sync,none
Young_Grif,degen5ace,"(5.0, 10.0]","(5.0, 10.0]",0,0,0,,,no_temporal_sync,none
kazmeyers,playtrix,"(5.0, 10.0]","(1.0, 3.0]",0,0,0,,,no_temporal_sync,none
Tall_Run_2814,AlexandreSh1941,"(5.0, 10.0]","(1.0, 3.0]",0,0,0,,,no_temporal_sync,none
casiocoin,HGR09,"(5.0, 10.0]","(3.0, 5.0]",0,0,0,,,no_temporal_sync,none
Acceptable_Yak6110,mlbman_,"(5.0, 10.0]","(20.0, 50.0]",0,0,0,,,no_temporal_sync,none
kerstn,Chutney__butt,"(5.0, 10.0]","(5.0, 10.0]",0,0,0,,,no_temporal_sync,none
DaddyDontTakeNoMess,Ok_Nefariousness9019,"(5.0, 10.0]","(1.0, 3.0]",0,0,0,,,no_temporal_sync,none
STANDARD92,WilmaDFitNice,"(5.0, 10.0]","(5.0, 10.0]",0,0,0,,,no_temporal_sync,none
HorrorSubstantial135,Viking_13v,"(5.0, 10.0]","(50.0, 100.0]",0,0,0,,,no_temporal_sync,none
Candid_Airport1774,RollerKokster,"(5.0, 10.0]","(1.0, 3.0]",0,0,0,,,no_temporal_sync,none
AverageUnited3237,throwaway3958292,"(5.0, 10.0]","(10.0, 20.0]",0,0,0,,,no_temporal_sync,none
Grouchy_Fee_8481,sasankhatibi,"(5.0, 10.0]","(5.0, 10.0]",0,0,0,,,no_temporal_sync,none
Business-Pen783,steelraindrop,"(5.0, 10.0]","(3.0, 5.0]",1,0,0,202.6,202.6,weak_temporal_overlap,weak_context
RaggiGamma,TraditionAlone3095,"(5.0, 10.0]","(50.0, 100.0]",0,0,0,,,no_temporal_sync,none
WincWanderer,piece0fdebri,"(5.0, 10.0]","(1.0, 3.0]",1,0,0,649.0166666666667,649.0166666666667,weak_temporal_overlap,weak_context
parts_cannon,No-Positive-3984,"(5.0, 10.0]","(50.0, 100.0]",0,0,0,,,no_temporal_sync,none
RuralDisturbance,NodeTraverser,"(5.0, 10.0]","(20.0, 50.0]",0,0,0,,,no_temporal_sync,none
1of21million,Phillip1219,"(20.0, 50.0]","(5.0, 10.0]",0,0,0,,,no_temporal_sync,none
VisualIndependence60,pgrijpink,"(20.0, 50.0]","(10.0, 20.0]",0,0,0,,,no_temporal_sync,none
Dopius,Talinthis,"(20.0, 50.0]","(10.0, 20.0]",0,0,0,,,no_temporal_sync,none
ShinAlastor,LeeAbeats,"(20.0, 50.0]","(5.0, 10.0]",1,1,1,4.5,4.5,strong_temporal_sync,fragile_single_event
XXsforEyes,yapel,"(20.0, 50.0]","(5.0, 10.0]",0,0,0,,,no_temporal_sync,none
fringecar,Successful_Taro8587,"(20.0, 50.0]","(1.0, 3.0]",0,0,0,,,no_temporal_sync,none
longjumpsignal,Original_Author_3939,"(20.0, 50.0]","(1.0, 3.0]",0,0,0,,,no_temporal_sync,none
youdidntbuymstr,eczemaNhotwaterThex,"(20.0, 50.0]","(3.0, 5.0]",0,0,0,,,no_temporal_sync,none
tallreagan,FuckSteveHuffman3,"(20.0, 50.0]","(20.0, 50.0]",0,0,0,,,no_temporal_sync,none
MayoSoup,DR_Fabiano,"(20.0, 50.0]","(5.0, 10.0]",0,0,0,,,no_temporal_sync,none
Afraid_Pie6111,bored90834,"(20.0, 50.0]","(1.0, 3.0]",0,0,0,,,no_temporal_sync,none
Nigel_Thirteen,Valuable-Werewolf548,"(20.0, 50.0]","(5.0, 10.0]",0,0,0,,,no_temporal_sync,none
nem3sis_AUT,Dear-List-3296,"(20.0, 50.0]","(50.0, 100.0]",0,0,0,,,no_temporal_sync,none
UltimaSpes,buchetti09,"(20.0, 50.0]","(1.0, 3.0]",0,0,0,,,no_temporal_sync,none
Loafmanuk,Indianianite,"(20.0, 50.0]","(10.0, 20.0]",0,0,0,,,no_temporal_sync,none
Capital-Writing40,jett1964,"(20.0, 50.0]","(5.0, 10.0]",0,0,0,,,no_temporal_sync,none
_speedoflight_,SoulfulAcademics,"(20.0, 50.0]","(3.0, 5.0]",0,0,0,,,no_temporal_sync,none
Unclestanky,Responsible_Emu3601,"(20.0, 50.0]","(50.0, 100.0]",0,0,0,,,no_temporal_sync,none
senfmeister,koyaanisqatsi_______,"(20.0, 50.0]","(1.0, 3.0]",0,0,0,,,no_temporal_sync,none
ElPeroTonteria,AllUrUpsAreBelong2Us,"(20.0, 50.0]","(50.0, 100.0]",1,0,0,813.7,813.7,weak_temporal_overlap,weak_context
According-Cloud2869,vinny_conswego,"(20.0, 50.0]","(20.0, 50.0]",1,0,0,196.86666666666667,196.86666666666667,weak_temporal_overlap,weak_context
mrjasjit,netwolf420,"(5.0, 10.0]","(10.0, 20.0]",0,0,0,,,no_temporal_sync,none
Novice30,KnowledgeSeekerNina,"(5.0, 10.0]","(10.0, 20.0]",0,0,0,,,no_temporal_sync,none
Remwaldo1,arBettor,"(5.0, 10.0]","(5.0, 10.0]",0,0,0,,,no_temporal_sync,none
islanger01,EdwardPotatoHand,"(5.0, 10.0]","(5.0, 10.0]",0,0,0,,,no_temporal_sync,none
CWOOTA,Puzzleheaded_Heat502,"(5.0, 10.0]","(1.0, 3.0]",0,0,0,,,no_temporal_sync,none
Nyanzerfaust,johnnynotte,"(5.0, 10.0]","(1.0, 3.0]",0,0,0,,,no_temporal_sync,none
jabootiemon,VitoVendetta,"(5.0, 10.0]","(3.0, 5.0]",0,0,0,,,no_temporal_sync,none
Fabian-88,Analog-Digital-,"(5.0, 10.0]","(20.0, 50.0]",0,0,0,,,no_temporal_sync,none
FamousMarketing281,corpse86,"(5.0, 10.0]","(5.0, 10.0]",0,0,0,,,no_temporal_sync,none
Raverrevolution,duendeacdc,"(5.0, 10.0]","(1.0, 3.0]",1,0,1,24.333333333333332,24.333333333333332,weak_temporal_overlap,moderate_review
4Sal13,ctnypr1999,"(5.0, 10.0]","(5.0, 10.0]",0,0,0,,,no_temporal_sync,none
Solana_Chief,JerryLeeDog,"(5.0, 10.0]","(50.0, 100.0]",1,0,0,1371.5166666666667,1371.5166666666667,weak_temporal_overlap,weak_context
sje397,digihippie,"(5.0, 10.0]","(1.0, 3.0]",0,0,0,,,no_temporal_sync,none
michaelwong1116,northernguy,"(5.0, 10.0]","(10.0, 20.0]",0,0,0,,,no_temporal_sync,none
Moose-Crossing453,Striking-Block5985,"(5.0, 10.0]","(5.0, 10.0]",0,0,0,,,no_temporal_sync,none
RealCarbonX,Relative-Bluebird468,"(5.0, 10.0]","(3.0, 5.0]",0,0,0,,,no_temporal_sync,none
ryanisaboy,DrEtatstician,"(5.0, 10.0]","(50.0, 100.0]",0,0,0,,,no_temporal_sync,none
Total_Translator_637,alive1,"(5.0, 10.0]","(1.0, 3.0]",0,0,0,,,no_temporal_sync,none
Nibbler73,CiaranCarroll,"(5.0, 10.0]","(50.0, 100.0]",0,0,0,,,no_temporal_sync,none
Sidney1973,Tshootr74,"(5.0, 10.0]","(20.0, 50.0]",0,0,0,,,no_temporal_sync,none
meccaleccahimeccahi,HarmFS,"(10.0, 20.0]","(10.0, 20.0]",0,0,0,,,no_temporal_sync,none
RonPaulWasR1ght,cyborg_elephant,"(10.0, 20.0]","(5.0, 10.0]",0,0,0,,,no_temporal_sync,none
Cubehagain,God_Hand_9764,"(10.0, 20.0]","(5.0, 10.0]",0,0,0,,,no_temporal_sync,none
Tips-fedora-mlady,Shyssiryxius,"(10.0, 20.0]","(1.0, 3.0]",0,0,0,,,no_temporal_sync,none
Clear_Item_922,Classic-Charity-2179,"(10.0, 20.0]","(1.0, 3.0]",0,0,0,,,no_temporal_sync,none
BreadBomb5891,gplipson,"(10.0, 20.0]","(3.0, 5.0]",0,0,0,,,no_temporal_sync,none
EcstaticCell1511,Strange-Term-4168,"(10.0, 20.0]","(20.0, 50.0]",1,0,1,14.716666666666667,14.716666666666667,weak_temporal_overlap,moderate_review
Infamous-Elk-5086,cincy15,"(10.0, 20.0]","(5.0, 10.0]",0,0,0,,,no_temporal_sync,none
Chucklum,PropertyLanky3856,"(10.0, 20.0]","(1.0, 3.0]",0,0,0,,,no_temporal_sync,none
wowowiwoww,m0r0_on,"(10.0, 20.0]","(5.0, 10.0]",0,0,0,,,no_temporal_sync,none
T-Zing,richardto4321,"(10.0, 20.0]","(50.0, 100.0]",1,0,0,173.2,173.2,weak_temporal_overlap,weak_context
jbcraigs,alextop30,"(10.0, 20.0]","(1.0, 3.0]",0,0,0,,,no_temporal_sync,none
Strict_Anybody_1534,MashedPotatoh,"(10.0, 20.0]","(10.0, 20.0]",0,0,0,,,no_temporal_sync,none
mickhick95,icedank,"(10.0, 20.0]","(5.0, 10.0]",0,0,0,,,no_temporal_sync,none
shaggadally,giodude556,"(10.0, 20.0]","(3.0, 5.0]",0,0,0,,,no_temporal_sync,none
VFFC-,derbyfan1,"(10.0, 20.0]","(50.0, 100.0]",0,0,0,,,no_temporal_sync,none
ThePiachu,FarAwayConfusion,"(10.0, 20.0]","(1.0, 3.0]",0,0,0,,,no_temporal_sync,none
External_Papaya_9579,fanzakh,"(10.0, 20.0]","(50.0, 100.0]",0,0,0,,,no_temporal_sync,none
East_Lab_863,SultanOfSatoshis,"(10.0, 20.0]","(20.0, 50.0]",0,0,0,,,no_temporal_sync,none
Worldly_Expert_2809,Few_Temperature7935,"(10.0, 20.0]","(5.0, 10.0]",0,0,0,,,no_temporal_sync,none
disruptorer,mankycrack,"(10.0, 20.0]","(5.0, 10.0]",1,0,0,3141.1666666666665,3141.1666666666665,weak_temporal_overlap,weak_context
DragonflyWhich931,respectandmanners,"(10.0, 20.0]","(1.0, 3.0]",0,0,0,,,no_temporal_sync,none
ImprovementLost3677,TheBigGrief,"(10.0, 20.0]","(1.0, 3.0]",1,0,0,183.48333333333332,183.48333333333332,weak_temporal_overlap,weak_context
antojado,Appeltaartlekker,"(10.0, 20.0]","(3.0, 5.0]",0,0,0,,,no_temporal_sync,none
FirePoolGuy,ameruelo,"(10.0, 20.0]","(20.0, 50.0]",0,0,0,,,no_temporal_sync,none
Secret_Car,EtTuBrute31544,"(10.0, 20.0]","(5.0, 10.0]",0,0,0,,,no_temporal_sync,none
ookeeah,Shadows_420,"(10.0, 20.0]","(1.0, 3.0]",0,0,0,,,no_temporal_sync,none
Derrick_13,Exciting_Gear_7035,"(10.0, 20.0]","(5.0, 10.0]",0,0,0,,,no_temporal_sync,none
Secret_Car,partyboycs,"(10.0, 20.0]","(50.0, 100.0]",1,0,0,91.55,91.55,weak_temporal_overlap,weak_context
Neat-Finger197,Any_Thanks_900,"(10.0, 20.0]","(1.0, 3.0]",0,0,0,,,no_temporal_sync,none
emilioermeio,Few-Education-5613,"(10.0, 20.0]","(10.0, 20.0]",0,0,0,,,no_temporal_sync,none
DragonflyWhich931,These_Bowler_2392,"(10.0, 20.0]","(5.0, 10.0]",0,0,0,,,no_temporal_sync,none
Obi-FloatKenobi,anotheronebite1991,"(10.0, 20.0]","(3.0, 5.0]",0,0,0,,,no_temporal_sync,none
North_Dog_5748,MysteriousIce01,"(10.0, 20.0]","(50.0, 100.0]",0,0,0,,,no_temporal_sync,none
booyakasha_wagwaan,AimLikeAPotato,"(10.0, 20.0]","(1.0, 3.0]",0,0,0,,,no_temporal_sync,none
Extension-Lie-3272,DreamingTooLong,"(10.0, 20.0]","(50.0, 100.0]",0,0,0,,,no_temporal_sync,none
mrtcarson,Rich_Highlight_,"(10.0, 20.0]","(20.0, 50.0]",2,0,0,1579.9250000000002,1262.4666666666667,weak_temporal_overlap,weak_context
BitCoiner905,ResistPatient,"(5.0, 10.0]","(5.0, 10.0]",0,0,0,,,no_temporal_sync,none
PoppyPeed,Hungry_Fix_3994,"(5.0, 10.0]","(1.0, 3.0]",0,0,0,,,no_temporal_sync,none
Intrepid-Quality-641,tuckertrades,"(5.0, 10.0]","(1.0, 3.0]",0,0,0,,,no_temporal_sync,none
harryhooters,0x-Apearn,"(5.0, 10.0]","(3.0, 5.0]",0,0,0,,,no_temporal_sync,none
Extension-Coat6531,ZeFGooFy,"(5.0, 10.0]","(20.0, 50.0]",0,0,0,,,no_temporal_sync,none
Stockholmedstatist,Cheesyboobs6969,"(5.0, 10.0]","(5.0, 10.0]",0,0,0,,,no_temporal_sync,none
Beautiful-Remote-126,Skunkhunter42o,"(5.0, 10.0]","(1.0, 3.0]",0,0,0,,,no_temporal_sync,none
general010,s4yum1,"(5.0, 10.0]","(5.0, 10.0]",0,0,0,,,no_temporal_sync,none
Rl67rl,nunyabuis21mill,"(5.0, 10.0]","(50.0, 100.0]",0,0,0,,,no_temporal_sync,none
cryptowook,Ok_File_1933,"(5.0, 10.0]","(1.0, 3.0]",0,0,0,,,no_temporal_sync,none
TotalDevelopment6998,avance70,"(5.0, 10.0]","(10.0, 20.0]",0,0,0,,,no_temporal_sync,none
unclepan,Fit-Way8592,"(5.0, 10.0]","(5.0, 10.0]",0,0,0,,,no_temporal_sync,none
FullMeta369,sayyouswear300,"(5.0, 10.0]","(3.0, 5.0]",0,0,0,,,no_temporal_sync,none
distramed,aberholla20,"(5.0, 10.0]","(50.0, 100.0]",0,0,0,,,no_temporal_sync,none
cosmic_groove,ElephantEarTag,"(5.0, 10.0]","(1.0, 3.0]",0,0,0,,,no_temporal_sync,none
ShipPsychological813,CallMeMoth,"(5.0, 10.0]","(50.0, 100.0]",0,0,0,,,no_temporal_sync,none
YourFixJustRuinsIt,PotatoBestFood,"(5.0, 10.0]","(20.0, 50.0]",1,0,0,49.85,49.85,weak_temporal_overlap,weak_context
Mochi101-Official,Rude-Jaguar-5930,"(5.0, 10.0]","(1.0, 3.0]",0,0,0,,,no_temporal_sync,none
Solana_Chief,bukublades,"(5.0, 10.0]","(1.0, 3.0]",0,0,0,,,no_temporal_sync,none
BetTheDip,joannew99,"(5.0, 10.0]","(3.0, 5.0]",0,0,0,,,no_temporal_sync,none
PeaceLovenJoy45,findingkieron,"(5.0, 10.0]","(20.0, 50.0]",1,0,0,1668.8,1668.8,weak_temporal_overlap,weak_context
Darkpriest667,Hot_Establishment216,"(5.0, 10.0]","(5.0, 10.0]",0,0,0,,,no_temporal_sync,none
Alternative_Ad_4544,dubble22,"(5.0, 10.0]","(1.0, 3.0]",0,0,0,,,no_temporal_sync,none
Riker-Was-Here,putin_on_some_pants,"(5.0, 10.0]","(5.0, 10.0]",0,0,0,,,no_temporal_sync,none
Fabian-88,xaviemb,"(5.0, 10.0]","(50.0, 100.0]",0,0,0,,,no_temporal_sync,none
primo311,CastroIRL,"(5.0, 10.0]","(1.0, 3.0]",0,0,0,,,no_temporal_sync,none
KCConnor,ratpH1nk,"(5.0, 10.0]","(10.0, 20.0]",0,0,0,,,no_temporal_sync,none
nan0brain,seismicsat,"(5.0, 10.0]","(5.0, 10.0]",0,0,0,,,no_temporal_sync,none
BrainCelll,supermindxy,"(5.0, 10.0]","(3.0, 5.0]",0,0,0,,,no_temporal_sync,none
JoeNakamoto,cphh85,"(5.0, 10.0]","(50.0, 100.0]",0,0,0,,,no_temporal_sync,none
inconsistentsavant,Acrocane,"(5.0, 10.0]","(1.0, 3.0]",0,0,0,,,no_temporal_sync,none
Excellent_Resort_504,lab3456,"(5.0, 10.0]","(50.0, 100.0]",0,0,0,,,no_temporal_sync,none
Infamous_Bus1578,9999999910,"(5.0, 10.0]","(20.0, 50.0]",0,0,0,,,no_temporal_sync,none
Luminous_Emission,Helpful-Increase-708,"(1.0, 3.0]","(1.0, 3.0]",0,0,0,,,no_temporal_sync,none
Jumpy_Hold6249,joel8x,"(1.0, 3.0]","(3.0, 5.0]",0,0,0,,,no_temporal_sync,none
CarnivoreMedia,xcrunner2414,"(1.0, 3.0]","(20.0, 50.0]",0,0,0,,,no_temporal_sync,none
bitcoinmaxi214,usaborg,"(1.0, 3.0]","(5.0, 10.0]",0,0,0,,,no_temporal_sync,none
No-Health46,Satoshiman256,"(1.0, 3.0]","(1.0, 3.0]",0,0,0,,,no_temporal_sync,none
forgotmypassword4714,Ben69_21,"(1.0, 3.0]","(5.0, 10.0]",0,0,0,,,no_temporal_sync,none
Vurnss,AllUrUpsAreBelong2Us,"(1.0, 3.0]","(50.0, 100.0]",0,0,0,,,no_temporal_sync,none
OldHamburger7923,Stray14,"(1.0, 3.0]","(1.0, 3.0]",0,0,0,,,no_temporal_sync,none
Fruit_Fountain,TheKFChero,"(1.0, 3.0]","(10.0, 20.0]",0,0,0,,,no_temporal_sync,none
Affectionate-Bee2438,maitreya88,"(1.0, 3.0]","(5.0, 10.0]",0,0,0,,,no_temporal_sync,none
Nichoros_Strategy,bv588,"(1.0, 3.0]","(3.0, 5.0]",0,0,0,,,no_temporal_sync,none
LSTNYER,Calm-Professional103,"(1.0, 3.0]","(50.0, 100.0]",1,1,1,2.1,2.1,strong_temporal_sync,fragile_single_event
DapperRead708,Connect-Wallaby-9235,"(1.0, 3.0]","(1.0, 3.0]",0,0,0,,,no_temporal_sync,none
buybtcforgodsake,Financial-Daikon-624,"(1.0, 3.0]","(50.0, 100.0]",0,0,0,,,no_temporal_sync,none
Matrix0007,DonasAskan,"(1.0, 3.0]","(20.0, 50.0]",0,0,0,,,no_temporal_sync,none
Fun_Math_7298,Original_Author_3939,"(1.0, 3.0]","(3.0, 5.0]",0,0,0,,,no_temporal_sync,none
Chickienfriedrice,EarMiserable131,"(1.0, 3.0]","(20.0, 50.0]",0,0,0,,,no_temporal_sync,none
MyAnusBleeding,YannicusCrime,"(1.0, 3.0]","(5.0, 10.0]",0,0,0,,,no_temporal_sync,none
pcvcolin,FinnegansWakeWTF,"(1.0, 3.0]","(1.0, 3.0]",0,0,0,,,no_temporal_sync,none
BeerMoney069,wpkzz666,"(1.0, 3.0]","(5.0, 10.0]",0,0,0,,,no_temporal_sync,none
No_Performance_4069,Free_Entrance_6626,"(1.0, 3.0]","(50.0, 100.0]",0,0,0,,,no_temporal_sync,none
AgitatedPassenger369,slwilke13,"(1.0, 3.0]","(1.0, 3.0]",0,0,0,,,no_temporal_sync,none
Beautiful-Farmer-689,No-Pepper6969,"(1.0, 3.0]","(10.0, 20.0]",0,0,0,,,no_temporal_sync,none
RichOrganization5403,Distinct_Cap_1741,"(1.0, 3.0]","(5.0, 10.0]",1,0,0,1168.85,1168.85,weak_temporal_overlap,weak_context
No-Geologist-2893,GothamCityGym,"(1.0, 3.0]","(3.0, 5.0]",0,0,0,,,no_temporal_sync,none
Significant-Field232,Possible_Spy,"(1.0, 3.0]","(50.0, 100.0]",0,0,0,,,no_temporal_sync,none
Lanks803,RICHpagel,"(1.0, 3.0]","(1.0, 3.0]",0,0,0,,,no_temporal_sync,none
Defusion55,AutoModerator,"(1.0, 3.0]","(50.0, 100.0]",0,0,0,,,no_temporal_sync,none
HarmFS,Inevitable-Creme4393,"(1.0, 3.0]","(20.0, 50.0]",0,0,0,,,no_temporal_sync,none
Nick0227,Terrible-Pattern8933,"(3.0, 5.0]","(20.0, 50.0]",0,0,0,,,no_temporal_sync,none
siddharta0,irkish,"(3.0, 5.0]","(5.0, 10.0]",0,0,0,,,no_temporal_sync,none
chetpancakesparty,DariusYop,"(3.0, 5.0]","(1.0, 3.0]",0,0,0,,,no_temporal_sync,none
Pinhead_Larry30,CamelWeekly1313,"(3.0, 5.0]","(5.0, 10.0]",0,0,0,,,no_temporal_sync,none
SteveMac7,birjy,"(3.0, 5.0]","(50.0, 100.0]",0,0,0,,,no_temporal_sync,none
zeedrome,Sensitive-Tie4696,"(3.0, 5.0]","(1.0, 3.0]",0,0,0,,,no_temporal_sync,none
CapoDiTuttiFrutti,bongosformongos,"(3.0, 5.0]","(10.0, 20.0]",0,0,0,,,no_temporal_sync,none
Anarkhia00,YellowstoneJohn,"(3.0, 5.0]","(5.0, 10.0]",0,0,0,,,no_temporal_sync,none
Necessary_Sound_8388,Additional_City5392,"(3.0, 5.0]","(3.0, 5.0]",0,0,0,,,no_temporal_sync,none
Pinhead_Larry30,mrjune2040,"(3.0, 5.0]","(50.0, 100.0]",0,0,0,,,no_temporal_sync,none
DryGeneral990,Just_Party96,"(3.0, 5.0]","(1.0, 3.0]",0,0,0,,,no_temporal_sync,none
zwift0193,Dear-List-3296,"(3.0, 5.0]","(50.0, 100.0]",0,0,0,,,no_temporal_sync,none
Simon_Bongne,armantheparman,"(3.0, 5.0]","(20.0, 50.0]",0,0,0,,,no_temporal_sync,none
R3dFiveStandingBye,chucrutcito,"(20.0, 50.0]","(5.0, 10.0]",0,0,0,,,no_temporal_sync,none
BoomerSooner-SEC,kpooo7,"(20.0, 50.0]","(1.0, 3.0]",0,0,0,,,no_temporal_sync,none
Thisisfinek,Leading-Oil5727,"(20.0, 50.0]","(5.0, 10.0]",0,0,0,,,no_temporal_sync,none
thiseisafakeaccount,DreamingTooLong,"(20.0, 50.0]","(50.0, 100.0]",0,0,0,,,no_temporal_sync,none
PMB-,btcinvestinme,"(20.0, 50.0]","(1.0, 3.0]",0,0,0,,,no_temporal_sync,none
EmergencyAd3372,Leading_Bandicoot358,"(20.0, 50.0]","(10.0, 20.0]",1,0,0,271.1166666666667,271.1166666666667,weak_temporal_overlap,weak_context
Wollinger,arnemetis,"(20.0, 50.0]","(5.0, 10.0]",0,0,0,,,no_temporal_sync,none
aionPhriend,koalikai,"(20.0, 50.0]","(3.0, 5.0]",0,0,0,,,no_temporal_sync,none
Alexandria703,0a0d0s0,"(20.0, 50.0]","(50.0, 100.0]",0,0,0,,,no_temporal_sync,none
zenecence,Thisisfinek,"(20.0, 50.0]","(1.0, 3.0]",0,0,0,,,no_temporal_sync,none
dingleberry-38,Most-Conference4205,"(20.0, 50.0]","(50.0, 100.0]",0,0,0,,,no_temporal_sync,none
fukadvertisements,Emergency-Warthog-56,"(20.0, 50.0]","(20.0, 50.0]",2,0,1,232.91666666666666,7.466666666666667,weak_temporal_overlap,fragile_long_median
-RN-Shifter,Benorleporc,"(5.0, 10.0]","(1.0, 3.0]",0,0,0,,,no_temporal_sync,none
gettxoutsetinfo,Over_Explanation3348,"(5.0, 10.0]","(5.0, 10.0]",0,0,0,,,no_temporal_sync,none
therustyworm,Laukess,"(5.0, 10.0]","(50.0, 100.0]",0,0,0,,,no_temporal_sync,none
Trick_Plankton_4520,Pale-Photograph-8367,"(5.0, 10.0]","(1.0, 3.0]",0,0,0,,,no_temporal_sync,none
Lost-Lifeguard1281,minorthreatmikey,"(5.0, 10.0]","(10.0, 20.0]",0,0,0,,,no_temporal_sync,none
jedimaster1992,Plastic-Cry-393,"(5.0, 10.0]","(5.0, 10.0]",0,0,0,,,no_temporal_sync,none
BennyOcean,Impossible_Low_8406,"(5.0, 10.0]","(3.0, 5.0]",0,0,0,,,no_temporal_sync,none
midastouch900,numbersev,"(5.0, 10.0]","(50.0, 100.0]",0,0,0,,,no_temporal_sync,none
Civil_Possibility_3,Motor-Astronaut-4045,"(5.0, 10.0]","(1.0, 3.0]",0,0,0,,,no_temporal_sync,none
Dazzling_Marzipan474,Supercc,"(5.0, 10.0]","(50.0, 100.0]",0,0,0,,,no_temporal_sync,none
ExternalMountain5141,DisorientedPanda,"(5.0, 10.0]","(20.0, 50.0]",0,0,0,,,no_temporal_sync,none
ta_pi,pog002,"(1.0, 3.0]","(5.0, 10.0]",0,0,0,,,no_temporal_sync,none
Main_Mess_2700,Vignaroli,"(1.0, 3.0]","(50.0, 100.0]",0,0,0,,,no_temporal_sync,none
HooofHeartedd,iInvented69,"(1.0, 3.0]","(1.0, 3.0]",0,0,0,,,no_temporal_sync,none
Xryme,OnlyCollege9064,"(1.0, 3.0]","(10.0, 20.0]",1,0,0,98.38333333333334,98.38333333333334,weak_temporal_overlap,weak_context
planetlighter,Specific-Machine2021,"(1.0, 3.0]","(5.0, 10.0]",0,0,0,,,no_temporal_sync,none
konhana,Paltenburg,"(1.0, 3.0]","(3.0, 5.0]",0,0,0,,,no_temporal_sync,none
wisefool4ever,acorcuera,"(1.0, 3.0]","(50.0, 100.0]",1,0,0,720.9666666666667,720.9666666666667,weak_temporal_overlap,weak_context
Lost-Lifeguard1281,Jusssoguod,"(1.0, 3.0]","(1.0, 3.0]",0,0,0,,,no_temporal_sync,none
mwdeuce,PollabBTC,"(1.0, 3.0]","(50.0, 100.0]",0,0,0,,,no_temporal_sync,none
OneManGangTootToot,GroundbreakingKing,"(1.0, 3.0]","(20.0, 50.0]",0,0,0,,,no_temporal_sync,none
dieabolic,shadowmage666,"(5.0, 10.0]","(50.0, 100.0]",1,0,1,24.45,24.45,weak_temporal_overlap,moderate_review
Significant-Turnip41,AcceptableSlice4057,"(5.0, 10.0]","(1.0, 3.0]",0,0,0,,,no_temporal_sync,none
Flashy-Canary-8663,spooky_corners,"(5.0, 10.0]","(10.0, 20.0]",0,0,0,,,no_temporal_sync,none
10Core56,virus5877,"(5.0, 10.0]","(5.0, 10.0]",0,0,0,,,no_temporal_sync,none
flipyflop9,1337Yogi,"(5.0, 10.0]","(3.0, 5.0]",0,0,0,,,no_temporal_sync,none
Acceptable_Main_5911,Financial_Clue_2534,"(5.0, 10.0]","(50.0, 100.0]",0,0,0,,,no_temporal_sync,none
ZombieBro91,crunchyeyeball,"(5.0, 10.0]","(1.0, 3.0]",0,0,0,,,no_temporal_sync,none
harryhooters,Successful_Ad_380,"(5.0, 10.0]","(50.0, 100.0]",0,0,0,,,no_temporal_sync,none
momkiewilson1,Bongressman,"(5.0, 10.0]","(20.0, 50.0]",0,0,0,,,no_temporal_sync,none
Bred_Slippy,brandon_cabral,"(50.0, 100.0]","(1.0, 3.0]",0,0,0,,,no_temporal_sync,none
Amphibious333,warrenboofit42069,"(50.0, 100.0]","(10.0, 20.0]",0,0,0,,,no_temporal_sync,none
Zombie4141,FAYMKONZ,"(50.0, 100.0]","(5.0, 10.0]",0,0,0,,,no_temporal_sync,none
Sandcracka-,b30,"(50.0, 100.0]","(3.0, 5.0]",0,0,0,,,no_temporal_sync,none
shayKyarbouti,Secret_Operative,"(50.0, 100.0]","(50.0, 100.0]",3,0,1,264.56666666666666,20.666666666666668,moderate_temporal_sync,fragile_long_median
Street-Technology-93,FreeByTruth,"(50.0, 100.0]","(1.0, 3.0]",0,0,0,,,no_temporal_sync,none
3Puttz,DarthBen_in_Chicago,"(50.0, 100.0]","(50.0, 100.0]",1,0,0,93.56666666666666,93.56666666666666,weak_temporal_overlap,weak_context
benditbackwards,Over_War_2607,"(50.0, 100.0]","(20.0, 50.0]",0,0,0,,,no_temporal_sync,none
God_Hand_9764,VinnyBoyGG,"(1.0, 3.0]","(10.0, 20.0]",0,0,0,,,no_temporal_sync,none
3ugeye,Material_Student_487,"(1.0, 3.0]","(5.0, 10.0]",0,0,0,,,no_temporal_sync,none
unmatched25,Adorable_Exchange223,"(1.0, 3.0]","(3.0, 5.0]",0,0,0,,,no_temporal_sync,none
ymymhmm_179,Millenial-Mike,"(1.0, 3.0]","(50.0, 100.0]",0,0,0,,,no_temporal_sync,none
photolaureate,sigstrikes,"(1.0, 3.0]","(1.0, 3.0]",0,0,0,,,no_temporal_sync,none
PietSjon,Get_the_nak,"(1.0, 3.0]","(50.0, 100.0]",0,0,0,,,no_temporal_sync,none
Chimboman,cyberplanta,"(1.0, 3.0]","(20.0, 50.0]",0,0,0,,,no_temporal_sync,none
rottiesrule88,RelavantRaptor,"(10.0, 20.0]","(5.0, 10.0]",0,0,0,,,no_temporal_sync,none
JTHM8008,NefariousnessSome945,"(10.0, 20.0]","(3.0, 5.0]",0,0,0,,,no_temporal_sync,none
callfckingdispatch,SevenCroutons,"(10.0, 20.0]","(50.0, 100.0]",1,0,0,55.7,55.7,weak_temporal_overlap,weak_context
ArturoSolano,Mammoth-Standard-592,"(10.0, 20.0]","(1.0, 3.0]",0,0,0,,,no_temporal_sync,none
c_malc,stKKd,"(10.0, 20.0]","(50.0, 100.0]",0,0,0,,,no_temporal_sync,none
Illustrious-Deal-781,1Dec_Kuma,"(10.0, 20.0]","(20.0, 50.0]",0,0,0,,,no_temporal_sync,none
Key_Friendship_6767,dende93,"(5.0, 10.0]","(3.0, 5.0]",0,0,0,,,no_temporal_sync,none
Egeemilano,MiguelLancaster,"(5.0, 10.0]","(50.0, 100.0]",0,0,0,,,no_temporal_sync,none
riakiller,Winthorpebuys,"(5.0, 10.0]","(1.0, 3.0]",0,0,0,,,no_temporal_sync,none
hodlyourground,FinancialIntern4326,"(5.0, 10.0]","(50.0, 100.0]",0,0,0,,,no_temporal_sync,none
opreturn_net,Freedom_58,"(5.0, 10.0]","(20.0, 50.0]",0,0,0,,,no_temporal_sync,none
JungleSumTimes,BitCypher84,"(3.0, 5.0]","(50.0, 100.0]",0,0,0,,,no_temporal_sync,none
FousHikes,vinylectric,"(3.0, 5.0]","(1.0, 3.0]",0,0,0,,,no_temporal_sync,none
CapnCurt81,Decent_Taro_2358,"(3.0, 5.0]","(50.0, 100.0]",0,0,0,,,no_temporal_sync,none
P3rplex,ash893,"(3.0, 5.0]","(20.0, 50.0]",0,0,0,,,no_temporal_sync,none
Interesting_Loss_907,aranou,"(50.0, 100.0]","(1.0, 3.0]",0,0,0,,,no_temporal_sync,none
McBurger,Get_the_nak,"(50.0, 100.0]","(50.0, 100.0]",1,0,0,625.5166666666667,625.5166666666667,weak_temporal_overlap,weak_context
AllUrUpsAreBelong2Us,laughncow,"(50.0, 100.0]","(20.0, 50.0]",0,0,0,,,no_temporal_sync,none
parishiIt0n,lab3456,"(1.0, 3.0]","(50.0, 100.0]",0,0,0,,,no_temporal_sync,none
ilovesaintpaul,JH272727,"(1.0, 3.0]","(20.0, 50.0]",1,0,0,77.18333333333334,77.18333333333334,weak_temporal_overlap,weak_context
na3than,Similar-Alps-2581,"(50.0, 100.0]","(20.0, 50.0]",0,0,0,,,no_temporal_sync,none
0218JM,TotallyNotAbot-10,"(10.0, 20.0]","(10.0, 20.0]",0,0,0,,,no_temporal_sync,none
slykethephoxenix,AutoModerator,"(10.0, 20.0]","(50.0, 100.0]",0,0,0,,,no_temporal_sync,none
OuterBlue090,SATutxo,"(10.0, 20.0]","(20.0, 50.0]",0,0,0,,,no_temporal_sync,none
TenshiS,MintyVapes,"(10.0, 20.0]","(10.0, 20.0]",0,0,0,,,no_temporal_sync,none
DuePercentage1580,jaraxel_arabani,"(10.0, 20.0]","(20.0, 50.0]",0,0,0,,,no_temporal_sync,none
dx-dude,bobbyv137,"(10.0, 20.0]","(50.0, 100.0]",1,0,0,40.583333333333336,40.583333333333336,weak_temporal_overlap,weak_context
casualgamerTX55,OldUniversity9799,"(10.0, 20.0]","(20.0, 50.0]",0,0,0,,,no_temporal_sync,none
dubski04021,Background-Mud-777,"(10.0, 20.0]","(10.0, 20.0]",0,0,0,,,no_temporal_sync,none
Jdiesel84,Analog-Digital-,"(10.0, 20.0]","(20.0, 50.0]",0,0,0,,,no_temporal_sync,none
MiguelLancaster,RichAd6604,"(50.0, 100.0]","(20.0, 50.0]",0,0,0,,,no_temporal_sync,none
lab3456,Waste_Molasses_936,"(50.0, 100.0]","(10.0, 20.0]",0,0,0,,,no_temporal_sync,none
Ordinary-Original520,1776CommonLaw,"(50.0, 100.0]","(20.0, 50.0]",1,0,0,32.06666666666667,32.06666666666667,weak_temporal_overlap,weak_context
Prestigious_Try_3741,Hbrich3,"(20.0, 50.0]","(10.0, 20.0]",0,0,0,,,no_temporal_sync,none
Nigel_Thirteen,Bongressman,"(20.0, 50.0]","(20.0, 50.0]",0,0,0,,,no_temporal_sync,none
ksg34,xtexm,"(10.0, 20.0]","(20.0, 50.0]",0,0,0,,,no_temporal_sync,none
Altruistic-Beat1503,JerryHutch,"(5.0, 10.0]","(10.0, 20.0]",0,0,0,,,no_temporal_sync,none
arnemetis,Change21,"(5.0, 10.0]","(10.0, 20.0]",0,0,0,,,no_temporal_sync,none
No-Artichoke3210,Froz3n_Cornchip,"(5.0, 10.0]","(20.0, 50.0]",0,0,0,,,no_temporal_sync,none
HorrorSubstantial135,ThatsitIthink,"(5.0, 10.0]","(3.0, 5.0]",0,0,0,,,no_temporal_sync,none
Rogntudjuuuu,BreadfruitMurky4503,"(5.0, 10.0]","(10.0, 20.0]",0,0,0,,,no_temporal_sync,none
Dirty_Seuss_,Amazing-Income-1331,"(5.0, 10.0]","(3.0, 5.0]",0,0,0,,,no_temporal_sync,none
fspodcast,Vignaroli,"(5.0, 10.0]","(50.0, 100.0]",1,0,0,221.03333333333333,221.03333333333333,weak_temporal_overlap,weak_context
AlphaLawless,galileo634,"(5.0, 10.0]","(1.0, 3.0]",0,0,0,,,no_temporal_sync,none
SmallVoiceMedia,Ok_Shoulder9683,"(5.0, 10.0]","(3.0, 5.0]",1,0,0,401.55,401.55,weak_temporal_overlap,weak_context
New_Stage_3807,CommanderOfPudding,"(5.0, 10.0]","(20.0, 50.0]",0,0,0,,,no_temporal_sync,none
farsightxr20,JashBeep,"(5.0, 10.0]","(1.0, 3.0]",0,0,0,,,no_temporal_sync,none
Psychological-Break9,Bittyry,"(10.0, 20.0]","(10.0, 20.0]",0,0,0,,,no_temporal_sync,none
Popular_Log1786,UltimaSpes,"(10.0, 20.0]","(20.0, 50.0]",0,0,0,,,no_temporal_sync,none
KeyPut6141,Complex_Signature821,"(10.0, 20.0]","(3.0, 5.0]",0,0,0,,,no_temporal_sync,none
okisthisthingon,razvanciuy,"(10.0, 20.0]","(10.0, 20.0]",0,0,0,,,no_temporal_sync,none
Us987,DingleberryDelightss,"(10.0, 20.0]","(3.0, 5.0]",0,0,0,,,no_temporal_sync,none
rottiesrule88,[deleted],"(10.0, 20.0]","(50.0, 100.0]",1,1,1,4.983333333333333,4.983333333333333,strong_temporal_sync,fragile_single_event
mage14,Different-Hyena-8724,"(10.0, 20.0]","(1.0, 3.0]",0,0,0,,,no_temporal_sync,none
Comfortable_Fun_2664,C300w204,"(10.0, 20.0]","(3.0, 5.0]",0,0,0,,,no_temporal_sync,none
Apprehensive_Two1528,Paterakis518,"(10.0, 20.0]","(20.0, 50.0]",1,0,0,56.083333333333336,56.083333333333336,weak_temporal_overlap,weak_context
Ok_Nefariousness9019,redhtbassplyr0311,"(10.0, 20.0]","(1.0, 3.0]",0,0,0,,,no_temporal_sync,none
Bryght7,thiseisafakeaccount,"(10.0, 20.0]","(20.0, 50.0]",0,0,0,,,no_temporal_sync,none
Easy_Turnover_6486,CMDR_BunBun,"(10.0, 20.0]","(3.0, 5.0]",1,0,0,1363.4166666666667,1363.4166666666667,weak_temporal_overlap,weak_context
Vegetable-Tough-6260,Bkokane,"(10.0, 20.0]","(10.0, 20.0]",0,0,0,,,no_temporal_sync,none
NoPurchase6549,husfyr,"(10.0, 20.0]","(3.0, 5.0]",0,0,0,,,no_temporal_sync,none
Budget_Break_3923,Choobtastic,"(10.0, 20.0]","(50.0, 100.0]",1,0,0,161.03333333333333,161.03333333333333,weak_temporal_overlap,weak_context
xBrodoFraggins,BananaPeelPorridge,"(10.0, 20.0]","(1.0, 3.0]",0,0,0,,,no_temporal_sync,none
jdells59,BoofBass,"(10.0, 20.0]","(3.0, 5.0]",0,0,0,,,no_temporal_sync,none
Ninjabredmann,Pickle_Status,"(10.0, 20.0]","(20.0, 50.0]",0,0,0,,,no_temporal_sync,none
Swieter,CommanderOfPudding,"(10.0, 20.0]","(1.0, 3.0]",0,0,0,,,no_temporal_sync,none
deviantgoober,evcm7,"(20.0, 50.0]","(3.0, 5.0]",0,0,0,,,no_temporal_sync,none
Icy_Acanthisitta_345,oki_sauce,"(20.0, 50.0]","(10.0, 20.0]",0,0,0,,,no_temporal_sync,none
trufin2038,69_breeze_69,"(20.0, 50.0]","(3.0, 5.0]",0,0,0,,,no_temporal_sync,none
Similar-Alps-2581,Stinklefresh,"(20.0, 50.0]","(50.0, 100.0]",0,0,0,,,no_temporal_sync,none
Soft-Necessary-9237,SpecialDonkey6563,"(20.0, 50.0]","(1.0, 3.0]",0,0,0,,,no_temporal_sync,none
dingleberry-38,DryGeneral990,"(20.0, 50.0]","(3.0, 5.0]",0,0,0,,,no_temporal_sync,none
No-Enthusiasm9274,fresheneesz,"(20.0, 50.0]","(20.0, 50.0]",1,0,0,917.25,917.25,weak_temporal_overlap,weak_context
ikkaku999,Aggravating-Bad-9448,"(20.0, 50.0]","(1.0, 3.0]",0,0,0,,,no_temporal_sync,none
ksrti,dubski04021,"(3.0, 5.0]","(10.0, 20.0]",0,0,0,,,no_temporal_sync,none
TenderLA,Letsmovethemarket,"(3.0, 5.0]","(3.0, 5.0]",0,0,0,,,no_temporal_sync,none
Effective_Device_185,Choobtastic,"(3.0, 5.0]","(50.0, 100.0]",0,0,0,,,no_temporal_sync,none
99problemsIDaint1,ghking6,"(3.0, 5.0]","(1.0, 3.0]",0,0,0,,,no_temporal_sync,none
Ch215topher,Lifecycle_Software,"(3.0, 5.0]","(3.0, 5.0]",0,0,0,,,no_temporal_sync,none
FoolAndHerUsername,ethos_required,"(3.0, 5.0]","(20.0, 50.0]",0,0,0,,,no_temporal_sync,none
sigstrikes,Kylejsisk86,"(3.0, 5.0]","(1.0, 3.0]",0,0,0,,,no_temporal_sync,none
Resident-Ad-3041,galehufta,"(10.0, 20.0]","(3.0, 5.0]",0,0,0,,,no_temporal_sync,none
bilstream,thesatdaddy,"(10.0, 20.0]","(50.0, 100.0]",1,0,1,13.883333333333333,13.883333333333333,weak_temporal_overlap,moderate_review
VinnyBoyGG,GenFigment,"(10.0, 20.0]","(1.0, 3.0]",0,0,0,,,no_temporal_sync,none
LandOfLuckyGhosts,GibbsSamplePlatter,"(10.0, 20.0]","(3.0, 5.0]",0,0,0,,,no_temporal_sync,none
BackgroundPangolin42,AwayWorker901,"(10.0, 20.0]","(20.0, 50.0]",0,0,0,,,no_temporal_sync,none
Easy_Turnover_6486,NaziZombiez,"(10.0, 20.0]","(1.0, 3.0]",0,0,0,,,no_temporal_sync,none
ioskar,helmetdeep805,"(3.0, 5.0]","(50.0, 100.0]",0,0,0,,,no_temporal_sync,none
Weird_Shit_69,Nats57,"(3.0, 5.0]","(1.0, 3.0]",1,0,0,504.28333333333336,504.28333333333336,weak_temporal_overlap,weak_context
wFXx,HGR09,"(3.0, 5.0]","(3.0, 5.0]",0,0,0,,,no_temporal_sync,none
Harleychillin93,SpecialDonkey6563,"(3.0, 5.0]","(20.0, 50.0]",0,0,0,,,no_temporal_sync,none
Snoo_59092,heaving_in_my_vines,"(3.0, 5.0]","(1.0, 3.0]",0,0,0,,,no_temporal_sync,none
RetroGaming4,MiaMilanOF,"(50.0, 100.0]","(1.0, 3.0]",0,0,0,,,no_temporal_sync,none
SmokeAndSkate,3YCW,"(50.0, 100.0]","(3.0, 5.0]",0,0,0,,,no_temporal_sync,none
hsinewu,brrods,"(50.0, 100.0]","(20.0, 50.0]",2,0,0,575.1083333333333,392.21666666666664,weak_temporal_overlap,weak_context
DryMyBottom,BastiatF,"(50.0, 100.0]","(1.0, 3.0]",0,0,0,,,no_temporal_sync,none
Jaiiden,seymourskinnyskinner,"(1.0, 3.0]","(3.0, 5.0]",0,0,0,,,no_temporal_sync,none
daddyatthedoor,Argyrus777,"(1.0, 3.0]","(20.0, 50.0]",0,0,0,,,no_temporal_sync,none
Snoo77457,Opulometicus,"(1.0, 3.0]","(1.0, 3.0]",0,0,0,,,no_temporal_sync,none
Live-Insect-7036,Fun-Technology-1371,"(3.0, 5.0]","(20.0, 50.0]",0,0,0,,,no_temporal_sync,none
LyingPervert,Boognishhh,"(3.0, 5.0]","(1.0, 3.0]",0,0,0,,,no_temporal_sync,none
No-Put7619,GivePeaceaChancex10,"(20.0, 50.0]","(1.0, 3.0]",0,0,0,,,no_temporal_sync,none
noddynikki,Strange-Term-4168,"(1.0, 3.0]","(20.0, 50.0]",1,0,0,378.01666666666665,378.01666666666665,weak_temporal_overlap,weak_context
retr0ctv,adequate_redditor,"(1.0, 3.0]","(10.0, 20.0]",0,0,0,,,no_temporal_sync,none
griswaldwaldwald,RakitiRakiti89,"(1.0, 3.0]","(50.0, 100.0]",0,0,0,,,no_temporal_sync,none
epyk,realinowijaya,"(1.0, 3.0]","(5.0, 10.0]",0,0,0,,,no_temporal_sync,none
Ok-Mango5075,procabiak,"(1.0, 3.0]","(10.0, 20.0]",0,0,0,,,no_temporal_sync,none
Mors03,TheSlipSlapDangler,"(1.0, 3.0]","(10.0, 20.0]",0,0,0,,,no_temporal_sync,none
NovelHare,Fatticusss,"(1.0, 3.0]","(50.0, 100.0]",0,0,0,,,no_temporal_sync,none
CrazyRationalHustler,Similar_Scar7089,"(1.0, 3.0]","(20.0, 50.0]",0,0,0,,,no_temporal_sync,none
twitch-switch,AxieP2E,"(20.0, 50.0]","(10.0, 20.0]",1,0,0,379.6,379.6,weak_temporal_overlap,weak_context
TheAscensionLattice,HodlVitality,"(20.0, 50.0]","(50.0, 100.0]",5,0,0,362.3833333333333,31.883333333333333,weak_temporal_overlap,weak_context
001011110101000101,MaxSan,"(20.0, 50.0]","(5.0, 10.0]",0,0,0,,,no_temporal_sync,none
laughncow,JoseArcadi0,"(20.0, 50.0]","(10.0, 20.0]",2,0,0,427.65833333333336,202.61666666666667,weak_temporal_overlap,weak_context
SongwritingShane,rjromo,"(20.0, 50.0]","(10.0, 20.0]",0,0,0,,,no_temporal_sync,none
HODL_Dawg,JuxtaposeLife,"(20.0, 50.0]","(50.0, 100.0]",4,1,3,17.141666666666666,0.6166666666666667,strong_temporal_sync,robust
Successful-Sky-7,olugbo,"(20.0, 50.0]","(20.0, 50.0]",0,0,0,,,no_temporal_sync,none
Plane_Anxiety7519,Some_Tax2898,"(10.0, 20.0]","(50.0, 100.0]",0,0,0,,,no_temporal_sync,none
Icy-South-3707,WhiteHoneypot,"(10.0, 20.0]","(5.0, 10.0]",0,0,0,,,no_temporal_sync,none
Gooner_93,3337jess,"(10.0, 20.0]","(10.0, 20.0]",0,0,0,,,no_temporal_sync,none
SC2000c,553l8008,"(10.0, 20.0]","(10.0, 20.0]",0,0,0,,,no_temporal_sync,none
ChampionshipFluid817,Secret_Operative,"(10.0, 20.0]","(50.0, 100.0]",0,0,0,,,no_temporal_sync,none
Antbatz97,aionPhriend,"(10.0, 20.0]","(20.0, 50.0]",0,0,0,,,no_temporal_sync,none
Creative-Tomorrow-54,GentleDerp,"(50.0, 100.0]","(5.0, 10.0]",0,0,0,,,no_temporal_sync,none
Most-Conference4205,VFFC-,"(50.0, 100.0]","(10.0, 20.0]",1,0,0,550.65,550.65,weak_temporal_overlap,weak_context
GivePeaceaChancex10,sborde78,"(50.0, 100.0]","(10.0, 20.0]",0,0,0,,,no_temporal_sync,none
redhtbassplyr0311,Secure-Rich3501,"(50.0, 100.0]","(50.0, 100.0]",4,0,2,32.53333333333333,22.516666666666666,moderate_temporal_sync,robust
Aromatic-Clerk134,AdAcrobatic4002,"(50.0, 100.0]","(20.0, 50.0]",0,0,0,,,no_temporal_sync,none
Known_Click,HistorianOne4823,"(5.0, 10.0]","(10.0, 20.0]",0,0,0,,,no_temporal_sync,none
Positive-Reserve-778,GeeEyeDoe,"(5.0, 10.0]","(10.0, 20.0]",0,0,0,,,no_temporal_sync,none
Maniiic_,LordIommi68,"(5.0, 10.0]","(50.0, 100.0]",0,0,0,,,no_temporal_sync,none
ImogenBeaumont,No-Enthusiasm9274,"(5.0, 10.0]","(20.0, 50.0]",0,0,0,,,no_temporal_sync,none
information-zone,Leech-64,"(10.0, 20.0]","(10.0, 20.0]",0,0,0,,,no_temporal_sync,none
GiantTinyBalls,GiverTakerMaker,"(10.0, 20.0]","(50.0, 100.0]",0,0,0,,,no_temporal_sync,none
Aggressive_Mouse_593,Fancy-Requirement-83,"(10.0, 20.0]","(20.0, 50.0]",0,0,0,,,no_temporal_sync,none
MannysBeard,CheetahGloomy4700,"(10.0, 20.0]","(50.0, 100.0]",0,0,0,,,no_temporal_sync,none
Aggravating_King1473,inhodel,"(10.0, 20.0]","(20.0, 50.0]",0,0,0,,,no_temporal_sync,none
Disavowed_Rogue,PenileSunburn,"(50.0, 100.0]","(20.0, 50.0]",1,0,0,44.6,44.6,weak_temporal_overlap,weak_context
EliteMonkey007,SoftwareSource,"(3.0, 5.0]","(5.0, 10.0]",0,0,0,,,no_temporal_sync,none
Martisanmakesbangas,Simple_Caterpillar21,"(3.0, 5.0]","(3.0, 5.0]",0,0,0,,,no_temporal_sync,none
leisdrew,JerryHutch,"(3.0, 5.0]","(1.0, 3.0]",0,0,0,,,no_temporal_sync,none
___---Ash---___,SeveralSats,"(3.0, 5.0]","(10.0, 20.0]",0,0,0,,,no_temporal_sync,none
Jielin41,baby_maker_666,"(3.0, 5.0]","(1.0, 3.0]",0,0,0,,,no_temporal_sync,none
im_a_good_goat,BitCypher84,"(3.0, 5.0]","(50.0, 100.0]",0,0,0,,,no_temporal_sync,none
Esparanzia,Graymatter-70,"(5.0, 10.0]","(3.0, 5.0]",0,0,0,,,no_temporal_sync,none
Fine_Arugula7314,GiverTakerMaker,"(5.0, 10.0]","(1.0, 3.0]",0,0,0,,,no_temporal_sync,none
JustinInIndy,frogbogbob,"(5.0, 10.0]","(10.0, 20.0]",0,0,0,,,no_temporal_sync,none
ToxicBTCMaximalist,resilient63,"(5.0, 10.0]","(1.0, 3.0]",0,0,0,,,no_temporal_sync,none
ToRedSRT,Pasukaru0,"(5.0, 10.0]","(50.0, 100.0]",1,1,1,0.31666666666666665,0.31666666666666665,strong_temporal_sync,fragile_single_event
heyyouguysloveall,ksrti,"(3.0, 5.0]","(1.0, 3.0]",0,0,0,,,no_temporal_sync,none
NuclearBuns,Barryonion_1984,"(3.0, 5.0]","(10.0, 20.0]",0,0,0,,,no_temporal_sync,none
Leading_Concert5623,bluntbroccoli,"(3.0, 5.0]","(1.0, 3.0]",0,0,0,,,no_temporal_sync,none
SPedigrees,Efficient_Culture569,"(3.0, 5.0]","(50.0, 100.0]",0,0,0,,,no_temporal_sync,none
NotARussianBot696969,Leownx,"(1.0, 3.0]","(10.0, 20.0]",0,0,0,,,no_temporal_sync,none
Background-Mud-777,jthorsso,"(1.0, 3.0]","(1.0, 3.0]",0,0,0,,,no_temporal_sync,none
Mak333,Dear-List-3296,"(1.0, 3.0]","(50.0, 100.0]",0,0,0,,,no_temporal_sync,none
davebobn,fanzakh,"(10.0, 20.0]","(1.0, 3.0]",0,0,0,,,no_temporal_sync,none
briguy37,GrouchyAd9824,"(10.0, 20.0]","(50.0, 100.0]",2,0,0,88.58333333333333,63.3,weak_temporal_overlap,weak_context
tesseramous,Bubbly_Ice3836,"(1.0, 3.0]","(50.0, 100.0]",2,0,0,523.8833333333333,340.21666666666664,weak_temporal_overlap,weak_context
amir95fahim,tooandto,"(10.0, 20.0]","(10.0, 20.0]",0,0,0,,,no_temporal_sync,none
potificate,Bitcoinmonk69,"(10.0, 20.0]","(1.0, 3.0]",0,0,0,,,no_temporal_sync,none
Front-Ant-1167,fonaldduck099,"(10.0, 20.0]","(50.0, 100.0]",0,0,0,,,no_temporal_sync,none
SquashBox17,specialkaypb,"(10.0, 20.0]","(10.0, 20.0]",1,0,0,102.16666666666667,102.16666666666667,weak_temporal_overlap,weak_context
dbudlov,QuietPsychological72,"(10.0, 20.0]","(1.0, 3.0]",0,0,0,,,no_temporal_sync,none
cico_to_keto,hsinewu,"(10.0, 20.0]","(50.0, 100.0]",0,0,0,,,no_temporal_sync,none
Zinner4231,Gig-a-bit,"(10.0, 20.0]","(10.0, 20.0]",0,0,0,,,no_temporal_sync,none
No-Spare-243,Soggy-Welder2265,"(1.0, 3.0]","(50.0, 100.0]",1,0,0,7775.116666666667,7775.116666666667,weak_temporal_overlap,weak_context
associate_k,bluntbroccoli,"(1.0, 3.0]","(10.0, 20.0]",0,0,0,,,no_temporal_sync,none
drunkmax00va,arcrad,"(50.0, 100.0]","(10.0, 20.0]",0,0,0,,,no_temporal_sync,none
Ljmac1,sittingaround1,"(1.0, 3.0]","(5.0, 10.0]",0,0,0,,,no_temporal_sync,none
Sapper_Initiative538,snahag,"(1.0, 3.0]","(5.0, 10.0]",0,0,0,,,no_temporal_sync,none
matthegc,Apprehensive-Tour942,"(1.0, 3.0]","(50.0, 100.0]",4,0,0,312.0833333333333,98.55,weak_temporal_overlap,weak_context
HesitantInvestor0,MoldDrivesMeNutz,"(1.0, 3.0]","(3.0, 5.0]",0,0,0,,,no_temporal_sync,none
Hart1217,acorcuera,"(1.0, 3.0]","(50.0, 100.0]",0,0,0,,,no_temporal_sync,none
ItWillPrint,Strong_Judge_3730,"(1.0, 3.0]","(10.0, 20.0]",0,0,0,,,no_temporal_sync,none
Icy_Caterpillar4834,Slippytoe,"(1.0, 3.0]","(3.0, 5.0]",0,0,0,,,no_temporal_sync,none
asselfoley,Torshein,"(5.0, 10.0]","(5.0, 10.0]",0,0,0,,,no_temporal_sync,none
rosstrich,ExtremeIndependent99,"(5.0, 10.0]","(50.0, 100.0]",0,0,0,,,no_temporal_sync,none
ToRedSRT,Oquendoteam1968,"(5.0, 10.0]","(3.0, 5.0]",0,0,0,,,no_temporal_sync,none
omnimagination,BullyMcBullishson,"(5.0, 10.0]","(50.0, 100.0]",0,0,0,,,no_temporal_sync,none
Flazy,Cointuitive,"(5.0, 10.0]","(10.0, 20.0]",0,0,0,,,no_temporal_sync,none
Radiant_Award5280,joex2021,"(5.0, 10.0]","(3.0, 5.0]",0,0,0,,,no_temporal_sync,none
klitchell,Sandcracka-,"(5.0, 10.0]","(50.0, 100.0]",0,0,0,,,no_temporal_sync,none
Mikos_Enduro,BaconBananas,"(5.0, 10.0]","(3.0, 5.0]",0,0,0,,,no_temporal_sync,none
durtfuck,helmetdeep805,"(5.0, 10.0]","(50.0, 100.0]",0,0,0,,,no_temporal_sync,none
zizagzoon,Prestigious_Elk1063,"(5.0, 10.0]","(10.0, 20.0]",0,0,0,,,no_temporal_sync,none
aylsworth,kellnoidiii,"(5.0, 10.0]","(3.0, 5.0]",0,0,0,,,no_temporal_sync,none
castorfromtheva,icebot1190,"(50.0, 100.0]","(3.0, 5.0]",0,0,0,,,no_temporal_sync,none
TheHumanCanoe,SmokeAndSkate,"(50.0, 100.0]","(50.0, 100.0]",1,0,0,54.11666666666667,54.11666666666667,weak_temporal_overlap,weak_context
escodelrio,One_Carrot_121,"(50.0, 100.0]","(10.0, 20.0]",0,0,0,,,no_temporal_sync,none
Mantis-Prawn,byte_of_rope,"(50.0, 100.0]","(3.0, 5.0]",0,0,0,,,no_temporal_sync,none
AlabamaHotPocketses,Flaming_8_Ball,"(3.0, 5.0]","(50.0, 100.0]",0,0,0,,,no_temporal_sync,none
jcstudio,Justsomedudeonthenet,"(3.0, 5.0]","(10.0, 20.0]",0,0,0,,,no_temporal_sync,none
Pembirolls,Copytechguy,"(3.0, 5.0]","(3.0, 5.0]",0,0,0,,,no_temporal_sync,none
Secret_Operative,ClintWestwood1969,"(50.0, 100.0]","(10.0, 20.0]",1,0,0,356.21666666666664,356.21666666666664,weak_temporal_overlap,weak_context
MysteriousIce01,sQtWLgK,"(50.0, 100.0]","(3.0, 5.0]",0,0,0,,,no_temporal_sync,none
dima054,winterwinner,"(10.0, 20.0]","(3.0, 5.0]",0,0,0,,,no_temporal_sync,none
lu71111,CilicianCrusader,"(1.0, 3.0]","(10.0, 20.0]",0,0,0,,,no_temporal_sync,none
MCKnghtn,IndividualRooster122,"(1.0, 3.0]","(1.0, 3.0]",0,0,0,,,no_temporal_sync,none
Confident-Ant-1742,DecentBig3856,"(1.0, 3.0]","(1.0, 3.0]",1,0,0,240.65,240.65,weak_temporal_overlap,weak_context
BraveTrades420,Ok_Score9113,"(1.0, 3.0]","(20.0, 50.0]",1,0,0,1331.2666666666667,1331.2666666666667,weak_temporal_overlap,weak_context
Anonymouslystraight,homey78,"(1.0, 3.0]","(10.0, 20.0]",0,0,0,,,no_temporal_sync,none
HODL_Dawg,TheHodlingHermit,"(1.0, 3.0]","(3.0, 5.0]",0,0,0,,,no_temporal_sync,none
GrayersDad,wishnothingbutluck,"(1.0, 3.0]","(10.0, 20.0]",0,0,0,,,no_temporal_sync,none
Perfect-Geologist728,KekoaE,"(10.0, 20.0]","(1.0, 3.0]",0,0,0,,,no_temporal_sync,none
NoSleep206,verikiima,"(10.0, 20.0]","(1.0, 3.0]",0,0,0,,,no_temporal_sync,none
Miserable-Example999,FnAardvark,"(10.0, 20.0]","(20.0, 50.0]",0,0,0,,,no_temporal_sync,none
ownseagls,Erocdotusa,"(10.0, 20.0]","(10.0, 20.0]",0,0,0,,,no_temporal_sync,none
guidinggrowth,PairTracker,"(10.0, 20.0]","(3.0, 5.0]",0,0,0,,,no_temporal_sync,none
3rdchromosome21,NoChanceItsHer,"(10.0, 20.0]","(10.0, 20.0]",0,0,0,,,no_temporal_sync,none
Many-Weekend5162,Otherwise-Trifle892,"(1.0, 3.0]","(1.0, 3.0]",0,0,0,,,no_temporal_sync,none
Screamerouk,Quokky-Axolotl7388,"(1.0, 3.0]","(20.0, 50.0]",0,0,0,,,no_temporal_sync,none
etmetm,thats_so_over,"(1.0, 3.0]","(10.0, 20.0]",0,0,0,,,no_temporal_sync,none
8yba8sgq,moonpumper,"(1.0, 3.0]","(3.0, 5.0]",0,0,0,,,no_temporal_sync,none
mikemonstersat,digitalr3lapse,"(1.0, 3.0]","(10.0, 20.0]",0,0,0,,,no_temporal_sync,none
zfride,DrBiotechs,"(1.0, 3.0]","(20.0, 50.0]",0,0,0,,,no_temporal_sync,none
SPXJUICYPUMPZ,JohDon_84_Rumble,"(1.0, 3.0]","(10.0, 20.0]",0,0,0,,,no_temporal_sync,none
IndependentSpeck,MarsWalker69,"(1.0, 3.0]","(3.0, 5.0]",0,0,0,,,no_temporal_sync,none
Trublutico,Justsomedudeonthenet,"(1.0, 3.0]","(10.0, 20.0]",0,0,0,,,no_temporal_sync,none
Tshootr74,mkuraja,"(20.0, 50.0]","(10.0, 20.0]",0,0,0,,,no_temporal_sync,none
trelayner,yungvenus,"(20.0, 50.0]","(3.0, 5.0]",0,0,0,,,no_temporal_sync,none
senfmeister,adyuaic,"(20.0, 50.0]","(10.0, 20.0]",0,0,0,,,no_temporal_sync,none
Zanar2002,TraditionalSpot8603,"(10.0, 20.0]","(3.0, 5.0]",0,0,0,,,no_temporal_sync,none
Comfortable_Fun_2664,Ok_Nefariousness9019,"(10.0, 20.0]","(10.0, 20.0]",1,0,0,333.48333333333335,333.48333333333335,weak_temporal_overlap,weak_context
LateEquipment3912,Trader0721,"(3.0, 5.0]","(10.0, 20.0]",1,0,0,366.85,366.85,weak_temporal_overlap,weak_context
speedingmedicine,longjumpsignal,"(20.0, 50.0]","(20.0, 50.0]",0,0,0,,,no_temporal_sync,none
Relevant-Kangaroo-85,Greeno2150,"(20.0, 50.0]","(20.0, 50.0]",0,0,0,,,no_temporal_sync,none
Scotty_NZ,Weary-Lake-1302,"(20.0, 50.0]","(10.0, 20.0]",0,0,0,,,no_temporal_sync,none
alsoilikebeer,AdAcrobatic4002,"(20.0, 50.0]","(20.0, 50.0]",1,0,0,389.03333333333336,389.03333333333336,weak_temporal_overlap,weak_context
PTFOchef,Ethwh4le,"(20.0, 50.0]","(10.0, 20.0]",0,0,0,,,no_temporal_sync,none
bitcoin-warlock,EchoChamberReddit13,"(20.0, 50.0]","(10.0, 20.0]",0,0,0,,,no_temporal_sync,none
Mundane_Flight_5973,panthera_N,"(1.0, 3.0]","(20.0, 50.0]",0,0,0,,,no_temporal_sync,none
4Run4Fun,Think-Apple3763,"(1.0, 3.0]","(20.0, 50.0]",1,0,0,765.0833333333334,765.0833333333334,weak_temporal_overlap,weak_context
motobassy,Ok-Landscape-1681,"(1.0, 3.0]","(20.0, 50.0]",0,0,0,,,no_temporal_sync,none
Old-Remote-3198,Huge-Break-2512,"(1.0, 3.0]","(20.0, 50.0]",0,0,0,,,no_temporal_sync,none
Slothleader_,Turbulent-Tune-5783,"(1.0, 3.0]","(50.0, 100.0]",1,0,0,662.8833333333333,662.8833333333333,weak_temporal_overlap,weak_context
prodigiousproducer,WonderfulCar1264,"(1.0, 3.0]","(5.0, 10.0]",0,0,0,,,no_temporal_sync,none
slavikthedancer,the_little_alex,"(20.0, 50.0]","(20.0, 50.0]",0,0,0,,,no_temporal_sync,none
knuF,Wollinger,"(20.0, 50.0]","(20.0, 50.0]",0,0,0,,,no_temporal_sync,none
Master-Monitor112,NN_77_,"(20.0, 50.0]","(20.0, 50.0]",1,0,0,60.583333333333336,60.583333333333336,weak_temporal_overlap,weak_context
btc2787,AllUrUpsAreBelong2Us,"(20.0, 50.0]","(50.0, 100.0]",0,0,0,,,no_temporal_sync,none
armantheparman,Apprehensive_Fun_393,"(20.0, 50.0]","(5.0, 10.0]",0,0,0,,,no_temporal_sync,none
Disastrous_Battle_14,EarMiserable131,"(20.0, 50.0]","(20.0, 50.0]",0,0,0,,,no_temporal_sync,none
Nearby_Mulberry_1806,armantheparman,"(20.0, 50.0]","(20.0, 50.0]",0,0,0,,,no_temporal_sync,none
downtherabbit,skydiveguy,"(20.0, 50.0]","(50.0, 100.0]",1,0,0,826.1666666666666,826.1666666666666,weak_temporal_overlap,weak_context
colinallbets,samb0_1,"(20.0, 50.0]","(5.0, 10.0]",0,0,0,,,no_temporal_sync,none
Prestigious_Long777,Pickle_Status,"(20.0, 50.0]","(20.0, 50.0]",0,0,0,,,no_temporal_sync,none
GinormousHippo458,SuccessfulRing5425,"(20.0, 50.0]","(50.0, 100.0]",1,0,0,974.2,974.2,weak_temporal_overlap,weak_context
BITMiningLimited,miguelagawin,"(20.0, 50.0]","(5.0, 10.0]",0,0,0,,,no_temporal_sync,none
Poetil,GenFigment,"(20.0, 50.0]","(50.0, 100.0]",0,0,0,,,no_temporal_sync,none
Stormyy98x,Eastern-Pace7070,"(20.0, 50.0]","(5.0, 10.0]",0,0,0,,,no_temporal_sync,none
Quirky-Reveal-1669,rice_otaku,"(50.0, 100.0]","(5.0, 10.0]",0,0,0,,,no_temporal_sync,none
Techhie4life,levelup1by1,"(1.0, 3.0]","(1.0, 3.0]",0,0,0,,,no_temporal_sync,none
MuayFemurPhilosopher,Capital-Writing40,"(1.0, 3.0]","(20.0, 50.0]",0,0,0,,,no_temporal_sync,none
Fit-West1045,Crafty-Anteater6424,"(1.0, 3.0]","(1.0, 3.0]",0,0,0,,,no_temporal_sync,none
opportunityTM,coojw,"(1.0, 3.0]","(1.0, 3.0]",0,0,0,,,no_temporal_sync,none
Freefromoutcome,Apprehensive_Fun_393,"(1.0, 3.0]","(5.0, 10.0]",0,0,0,,,no_temporal_sync,none
r7re,originalrocket,"(1.0, 3.0]","(10.0, 20.0]",0,0,0,,,no_temporal_sync,none
VinnyBoyGG,AllisterQuimby,"(1.0, 3.0]","(3.0, 5.0]",0,0,0,,,no_temporal_sync,none
GentlemenHODL,GodBlessYouNow,"(1.0, 3.0]","(50.0, 100.0]",1,0,0,90.78333333333333,90.78333333333333,weak_temporal_overlap,weak_context
Both-Basil2447,Repulsive_Spite_267,"(1.0, 3.0]","(1.0, 3.0]",0,0,0,,,no_temporal_sync,none
MassiveMastiff,HelpfulTooth1,"(1.0, 3.0]","(1.0, 3.0]",0,0,0,,,no_temporal_sync,none
Intrepid_Guidance_57,Low_Answer_6210,"(1.0, 3.0]","(20.0, 50.0]",0,0,0,,,no_temporal_sync,none
mrcactusjack,asacho,"(1.0, 3.0]","(1.0, 3.0]",0,0,0,,,no_temporal_sync,none
Boxxamongus,ThatsitIthink,"(1.0, 3.0]","(1.0, 3.0]",0,0,0,,,no_temporal_sync,none
BatterEarl,TheRealAJohns,"(1.0, 3.0]","(5.0, 10.0]",0,0,0,,,no_temporal_sync,none
airestotle092,96933287275978,"(1.0, 3.0]","(10.0, 20.0]",0,0,0,,,no_temporal_sync,none
Fit_Trifle2469,Tarado96,"(1.0, 3.0]","(3.0, 5.0]",1,0,1,10.85,10.85,weak_temporal_overlap,moderate_review
Short-Concentrate-92,SuccessfulRing5425,"(1.0, 3.0]","(50.0, 100.0]",0,0,0,,,no_temporal_sync,none
Express_Pace4831,DGimberg,"(1.0, 3.0]","(1.0, 3.0]",0,0,0,,,no_temporal_sync,none
Dmnltry8524,bond10-,"(1.0, 3.0]","(1.0, 3.0]",0,0,0,,,no_temporal_sync,none
Repulsive_Physics_51,UberMocipan,"(20.0, 50.0]","(1.0, 3.0]",0,0,0,,,no_temporal_sync,none
puffman123,Bootiluvr,"(20.0, 50.0]","(1.0, 3.0]",0,0,0,,,no_temporal_sync,none
Predator348,LemmyUser666,"(20.0, 50.0]","(5.0, 10.0]",0,0,0,,,no_temporal_sync,none
Deacon86,Icy-Success-3730,"(20.0, 50.0]","(10.0, 20.0]",0,0,0,,,no_temporal_sync,none
Miserable-Review-713,icebot1190,"(20.0, 50.0]","(3.0, 5.0]",0,0,0,,,no_temporal_sync,none
mathaiser,cphh85,"(20.0, 50.0]","(50.0, 100.0]",0,0,0,,,no_temporal_sync,none
ElDiabloRamon,hellblazer19,"(20.0, 50.0]","(1.0, 3.0]",0,0,0,,,no_temporal_sync,none
bbatardo,Narrow-Surround-8416,"(20.0, 50.0]","(1.0, 3.0]",0,0,0,,,no_temporal_sync,none
flippertyflip,Hart1217,"(1.0, 3.0]","(1.0, 3.0]",0,0,0,,,no_temporal_sync,none
Woodstuffs,degen5ace,"(1.0, 3.0]","(5.0, 10.0]",1,0,0,128.41666666666666,128.41666666666666,weak_temporal_overlap,weak_context
LuvIsRage97,Hour_Eagle2,"(1.0, 3.0]","(10.0, 20.0]",0,0,0,,,no_temporal_sync,none
2themooonwego,GrandWazoo0,"(1.0, 3.0]","(3.0, 5.0]",0,0,0,,,no_temporal_sync,none
Suspicious-Local-901,BigDeezerrr,"(1.0, 3.0]","(50.0, 100.0]",1,0,0,69.0,69.0,weak_temporal_overlap,weak_context
Salty-Yak-9225,heroinspazierer,"(1.0, 3.0]","(1.0, 3.0]",0,0,0,,,no_temporal_sync,none
Justthinking7980,automaticphil,"(1.0, 3.0]","(1.0, 3.0]",0,0,0,,,no_temporal_sync,none
Novel_Yam_1034,riakiller,"(1.0, 3.0]","(5.0, 10.0]",1,0,1,23.95,23.95,weak_temporal_overlap,moderate_review
VivxLxLegendxry,Yesthisisdogmeow,"(1.0, 3.0]","(10.0, 20.0]",0,0,0,,,no_temporal_sync,none
The_IrishCream,BTCparadox,"(1.0, 3.0]","(3.0, 5.0]",0,0,0,,,no_temporal_sync,none
towerninja,Calm-Professional103,"(1.0, 3.0]","(50.0, 100.0]",0,0,0,,,no_temporal_sync,none
Meanboynetworks,malacosa,"(1.0, 3.0]","(1.0, 3.0]",0,0,0,,,no_temporal_sync,none
TheDudeAbidesFarOut,Otherwise_Tiger3760,"(1.0, 3.0]","(1.0, 3.0]",0,0,0,,,no_temporal_sync,none
RastaMad420,Stockkiller333,"(5.0, 10.0]","(10.0, 20.0]",0,0,0,,,no_temporal_sync,none
whodaphucru,JuggernautSolid3512,"(5.0, 10.0]","(3.0, 5.0]",0,0,0,,,no_temporal_sync,none
_alwin,KryptoSC,"(5.0, 10.0]","(50.0, 100.0]",0,0,0,,,no_temporal_sync,none
Inevitable_Data_84,irkish,"(5.0, 10.0]","(1.0, 3.0]",0,0,0,,,no_temporal_sync,none
bigsancholucci,TheGuiminator,"(5.0, 10.0]","(1.0, 3.0]",0,0,0,,,no_temporal_sync,none
Sounders12,Known_Frosting_2049,"(10.0, 20.0]","(3.0, 5.0]",0,0,0,,,no_temporal_sync,none
karmassacre,CatatonicMan,"(10.0, 20.0]","(50.0, 100.0]",0,0,0,,,no_temporal_sync,none
Street-Jaguar-92,rote_it,"(10.0, 20.0]","(1.0, 3.0]",0,0,0,,,no_temporal_sync,none
Background-Mud-777,JeffWest01,"(10.0, 20.0]","(1.0, 3.0]",0,0,0,,,no_temporal_sync,none
IempireI,McBurger,"(3.0, 5.0]","(50.0, 100.0]",0,0,0,,,no_temporal_sync,none
vandenhof,Mighty_Zen,"(3.0, 5.0]","(1.0, 3.0]",0,0,0,,,no_temporal_sync,none
Carnifaster,rokman,"(3.0, 5.0]","(1.0, 3.0]",0,0,0,,,no_temporal_sync,none
HerboClevelando,WarPlanMango,"(50.0, 100.0]","(1.0, 3.0]",3,0,1,136.25,13.7,moderate_temporal_sync,fragile_long_median
The_Realist01,znuffles,"(50.0, 100.0]","(1.0, 3.0]",0,0,0,,,no_temporal_sync,none
conkersdeep10,Delicious-Echo-3300,"(1.0, 3.0]","(1.0, 3.0]",0,0,0,,,no_temporal_sync,none
SmokeAndSkate,Conscious-Strike-565,"(50.0, 100.0]","(5.0, 10.0]",0,0,0,,,no_temporal_sync,none
CiaranCarroll,crooks4hire,"(50.0, 100.0]","(10.0, 20.0]",0,0,0,,,no_temporal_sync,none
Pretend-Hippo-8659,Radiant_Addendum_48,"(50.0, 100.0]","(20.0, 50.0]",2,0,0,420.3,38.7,weak_temporal_overlap,weak_context
aberholla20,Ineedfunding007,"(50.0, 100.0]","(3.0, 5.0]",0,0,0,,,no_temporal_sync,none
Left_Fisherman_920,Mammoth-Standard-592,"(50.0, 100.0]","(3.0, 5.0]",0,0,0,,,no_temporal_sync,none
flavourantvagrant,As03,"(50.0, 100.0]","(1.0, 3.0]",1,0,0,252.55,252.55,weak_temporal_overlap,weak_context
dontpatronizemebro,Ambitious_Virus287,"(5.0, 10.0]","(10.0, 20.0]",1,0,0,1844.4833333333333,1844.4833333333333,weak_temporal_overlap,weak_context
CommonTicket6787,evilgrinz,"(5.0, 10.0]","(20.0, 50.0]",0,0,0,,,no_temporal_sync,none
donahutch,btcbulletsbullion,"(5.0, 10.0]","(3.0, 5.0]",0,0,0,,,no_temporal_sync,none
Spiritual-Tadpole342,distributed_mind,"(5.0, 10.0]","(3.0, 5.0]",0,0,0,,,no_temporal_sync,none
Kashpantz,RyanMay999,"(5.0, 10.0]","(1.0, 3.0]",0,0,0,,,no_temporal_sync,none
Assist_Lumpy,21Moto,"(10.0, 20.0]","(20.0, 50.0]",0,0,0,,,no_temporal_sync,none
Livid_Cryptographer7,Evil-Greaser,"(10.0, 20.0]","(3.0, 5.0]",0,0,0,,,no_temporal_sync,none
Environmental-ADHD,Tarado96,"(10.0, 20.0]","(3.0, 5.0]",0,0,0,,,no_temporal_sync,none
voyager14,wato4000,"(10.0, 20.0]","(1.0, 3.0]",0,0,0,,,no_temporal_sync,none
Soft-Necessary-9237,paperraincoat,"(20.0, 50.0]","(3.0, 5.0]",0,0,0,,,no_temporal_sync,none
Smoking-Coyote06,ChatnNaked,"(20.0, 50.0]","(3.0, 5.0]",0,0,0,,,no_temporal_sync,none
Boogyin1979,chopacheekoff,"(20.0, 50.0]","(1.0, 3.0]",1,0,0,380.0,380.0,weak_temporal_overlap,weak_context
NotMad__Disappointed,ivanlsa,"(3.0, 5.0]","(3.0, 5.0]",0,0,0,,,no_temporal_sync,none
Gloomy_Setting5936,Tothinkoutofthenut,"(3.0, 5.0]","(1.0, 3.0]",0,0,0,,,no_temporal_sync,none
RCBT88,FamousPussyGrabber,"(3.0, 5.0]","(1.0, 3.0]",0,0,0,,,no_temporal_sync,none
FinancialIntern4326,Accurate-Data-7006,"(50.0, 100.0]","(1.0, 3.0]",1,0,0,93.16666666666667,93.16666666666667,weak_temporal_overlap,weak_context
stKKd,Drdunk91,"(50.0, 100.0]","(3.0, 5.0]",0,0,0,,,no_temporal_sync,none
FreeByTruth,SPedigrees,"(1.0, 3.0]","(3.0, 5.0]",0,0,0,,,no_temporal_sync,none
